Sexo,Edad,1970,1971,1972,1973,1974,1975,1976,1977,1978,1979,1980,1981,1982,1983,1984,1985,1986,1987,1988,1989,1990,1991,1992,1993,1994,1995,1996,1997,1998,1999,2000,2001,2002,2003,2004,2005,2006,2007,2008,2009,2010,2011,2012,2013,2014,2015,2016
Hombres,0,83389,88580,93961,99215,104246,108988,113422,117168,120898,124739,128700,131513,133178,134922,136611,138290,139921,141531,143141,144781,146121,146970,147904,148502,148938,148971,148530,148616,148825,148957,149203,149344,149572,149769,150267,150844,151127,150840,150916,150974,151233,150481,149226,147782,146242,144644,142712
Hombres,1,79752,84984,90346,95803,101131,106234,111038,115531,119346,123232,127245,130030,131584,133274,134944,136538,138097,139594,141054,142543,143922,144842,145950,147285,148318,148926,149357,149537,149613,149619,149793,149718,149838,150139,150520,151230,152055,152015,152033,151955,152305,151428,149940,148419,146940,145247,143646
Hombres,2,77534,82672,88037,93479,99023,104447,109646,114537,119103,123003,126961,129621,130969,132435,133970,135478,136909,138313,139651,140974,142323,143607,144535,145921,147575,148701,149621,150336,150556,150444,150549,150395,150266,150398,150798,151306,152196,152795,153028,152925,153095,152299,150774,149125,147636,146083,144464
Hombres,3,75369,80361,85646,91089,96608,102240,107752,113029,117983,122624,126567,129112,130293,131565,132910,134320,135702,137011,138296,139527,140740,142270,143501,144635,146264,147971,149349,150349,151145,151210,151234,150973,150772,150624,150817,151284,151928,152700,153541,153686,153783,152805,151440,149834,148273,146770,145339
Hombres,4,73183,78005,83132,88489,94003,99604,105320,110908,116249,121272,125961,128454,129495,130619,131803,133056,134374,135671,136895,138097,139245,140839,142287,143670,144989,146649,148555,149903,151005,151672,151885,151486,151194,150948,150850,151058,151633,152259,153238,154029,154331,153304,151827,150420,148951,147420,146060
Hombres,5,70954,75638,80580,85770,91196,96787,102465,108256,113915,119323,124391,127624,128610,129609,130672,131794,132984,134247,135487,136648,137790,139461,140967,142522,144044,145383,147202,149002,150467,151463,152288,152005,151598,151250,151029,150910,151200,151842,152643,153603,154519,153744,152291,150814,149556,148137,146760
Hombres,6,68680,73255,78047,83048,88301,93797,99465,105214,111079,116804,122260,125884,127617,128570,129535,130562,131645,132802,134032,135229,136348,138113,139691,141268,142931,144464,145930,147600,149524,150899,152059,152307,152033,151565,151226,150960,150903,151328,152121,152923,153977,153886,152753,151324,150001,148806,147543
Hombres,7,66363,70836,75512,80360,85418,90739,96308,102046,107868,113801,119577,123615,125759,127475,128413,129361,130367,131438,132584,133787,134961,136763,138435,140061,141719,143386,145026,146319,148111,149962,151502,151997,152271,151938,151465,151066,150848,150977,151528,152342,153217,153343,152952,151859,150586,149332,148290
Hombres,8,63967,68376,72945,77676,82580,87701,93092,98730,104542,110432,116420,120815,123413,125551,127266,128207,129154,130169,131244,132382,133577,135465,137176,138875,140553,142215,143967,145431,146844,148577,150591,151376,151916,152133,151786,151237,150877,150880,151116,151705,152568,152601,152491,152151,151209,150011,148906
Hombres,9,61455,65826,70331,74955,79743,84707,89897,95356,101067,106949,112895,117552,120556,123161,125317,127054,128012,128986,130025,131111,132261,134169,135966,137689,139413,141092,142812,144405,145988,147352,149246,150417,151259,151746,151945,151514,151003,150883,150968,151252,151866,151982,151843,151792,151596,150733,149682
Hombres,10,58798,63148,67615,72178,76860,81710,86742,91999,97530,103315,109260,113932,117259,120291,122931,125124,126898,127904,128923,129996,131116,132942,134759,136546,138272,139990,141708,143299,145007,146551,148071,149033,150277,151076,151543,151654,151258,150990,150929,151068,151356,151325,151325,151248,151336,151223,150500
Hombres,11,56046,60376,64821,69350,73972,78718,83639,88739,94069,99674,105526,110256,113663,117034,120113,122806,125053,126885,127951,129019,130142,131878,133622,135421,137195,138914,140661,142289,143986,145658,147350,147850,148903,150118,150900,151285,151439,151274,151043,151026,151148,150898,150799,150854,150904,151066,151078
Hombres,12,53279,57566,61992,66504,71095,75787,80604,85594,90768,96170,101842,106540,110070,113529,116954,120093,122844,125157,127060,128185,129311,130973,132640,134360,136143,137923,139667,141361,143077,144735,146537,147136,147755,148792,149999,150713,151152,151505,151364,151153,151104,150805,150520,150451,150613,150715,150980
Hombres,13,50545,54751,59136,63628,68204,72865,77629,82518,87581,92826,98292,102863,106419,110002,113513,116997,120193,123013,125398,127360,128542,130129,131729,133374,135075,136876,138682,140397,142172,143834,145615,146290,147046,147662,148707,149848,150636,151237,151618,151472,151230,150875,150560,150274,150294,150471,150654
Hombres,14,47855,51929,56225,60668,65220,69859,74589,79418,84374,89498,94793,99201,102680,106272,109894,113450,116980,120235,123113,125548,127560,129119,130636,132203,133808,135546,137379,139160,140959,142640,144447,145137,146053,146823,147460,148420,149668,150607,151274,151683,151516,151087,150733,150375,150159,150158,150403
Hombres,15,45199,49100,53247,57586,62072,66671,71365,76148,81030,86029,91182,95454,98803,102295,105902,109542,113117,116686,119976,122879,125336,127638,129124,130573,132045,133720,135485,137268,139137,140791,142648,143456,144544,145493,146286,146786,147901,149341,150423,151253,151661,151424,151001,150563,150269,149995,150047
Hombres,16,42516,46309,50264,54436,58800,63315,67953,72685,77506,82414,87419,91581,94827,98163,101639,105234,108865,112452,116023,119308,122205,124865,127122,128495,129771,131362,133032,134694,136544,138239,140059,140969,142387,143528,144493,145064,145771,147165,148846,150291,151144,151597,151371,150821,150442,150057,149825
Hombres,17,40056,43538,47376,51344,55528,59911,64457,69126,73887,78723,83623,87676,90853,94066,97366,100809,104376,107997,111569,115110,118358,121386,124074,126171,127301,128734,130269,131776,133449,135142,136915,137747,139483,140965,142096,142749,143560,144638,146365,148598,150082,151087,151554,151161,150677,150177,149827
Hombres,18,37658,41062,44581,48432,52410,56613,61026,65605,70303,75078,79902,83898,87012,90145,93315,96573,99979,103527,107122,110649,114143,117482,120613,123121,124941,126237,127566,128882,130322,131887,133528,134203,136013,137817,139259,140005,140898,142139,143615,146014,148298,150029,151048,151307,150988,150357,149894
Hombres,19,35441,38685,42131,45662,49532,53536,57778,62230,66844,71562,76332,80305,83412,86482,89576,92705,95927,99313,102832,106383,109863,113427,116922,119883,122128,124082,125244,126319,127500,128891,130276,130690,132413,134293,136026,137045,138009,139325,140987,143179,145632,148245,149988,150766,151113,150630,150033
Hombres,20,33971,36510,39799,43269,46825,50731,54785,59072,63571,68214,72938,76910,80045,83112,86147,89203,92301,95506,98871,102351,105860,109411,113158,116512,119253,121591,123396,124280,125175,126357,127481,127539,128984,130770,132567,133880,135079,136400,138135,140488,142734,145581,148201,149679,150552,150723,150278
Hombres,21,32446,35097,37669,40991,44496,48093,52060,56169,60513,65051,69708,73685,76868,79966,83006,86011,89039,92126,95315,98646,102093,105683,109418,113055,116242,119039,121229,122754,123439,124371,125239,124965,125985,127490,129195,130606,132062,133505,135226,137585,139986,142678,145529,147866,149448,150146,150346
Hombres,22,31096,33611,36306,38896,42261,45818,49482,53513,57683,62074,66636,70597,73826,76979,80055,83070,86052,89072,92143,95307,98611,102154,105912,109573,113097,116306,118971,120891,122209,122955,123556,122996,123582,124659,126096,127469,128993,130558,132372,134629,137031,139924,142619,145175,147616,149023,149747
Hombres,23,29913,32288,34846,37571,40188,43613,47243,50970,55069,59292,63715,67618,70872,74076,77211,80269,83263,86240,89248,92296,95436,98852,102549,106262,109847,113371,116467,118879,120611,122002,122426,121593,121779,122423,123445,124615,126078,127577,129474,131735,134029,136959,139849,142242,144909,147181,148610
Hombres,24,28855,31114,33533,36121,38886,41545,45045,48745,52539,56694,60952,64753,67986,71218,74410,77528,80569,83557,86524,89509,92539,95809,99358,103026,106695,110268,113696,116568,118816,120625,121720,120713,120522,120760,121367,122188,123435,124746,126542,128803,131097,133950,136872,139458,141967,144466,146754
Hombres,25,27919,30052,32353,34803,37432,40247,42959,46529,50297,54146,58343,62009,65170,68386,71609,74787,77889,80926,83905,86849,89820,92998,96382,99914,103564,107207,110700,113938,116673,118998,120543,120222,119756,119613,119837,120304,121199,122178,123759,125842,128133,131003,133842,136466,139168,141516,144029
Hombres,26,27024,29097,31270,33602,36091,38770,41645,44403,48044,51871,55757,59392,62447,65591,68798,72009,75173,78274,81301,84259,87189,90330,93602,96980,100508,104124,107705,111036,114158,116973,119070,119224,119348,118935,118797,118933,119476,120002,121228,123032,125147,128025,130881,133430,136164,138718,141076
Hombres,27,26226,28171,30285,32487,34856,37390,40127,43058,45859,49556,53428,56770,59821,62860,65999,69196,72392,75557,78648,81656,84601,87719,90936,94211,97593,101087,104648,108099,111339,114539,117156,117899,118422,118595,118203,118024,118239,118328,119078,120480,122313,125022,127882,130457,133116,135712,138268
Hombres,28,25573,27333,29316,31457,33693,36107,38697,41486,44466,47302,51043,54394,57175,60210,63243,66373,69558,72754,75910,78984,81977,85130,88314,91537,94819,98164,101609,105070,108450,111763,114800,116101,117149,117720,117926,117531,117439,117125,117421,118309,119742,122173,124862,127451,130131,132661,135256
Hombres,29,24834,26638,28428,30436,32611,34888,37354,39989,42823,45846,48701,51944,54756,57521,60553,63580,66697,69882,73072,76210,79269,82490,85697,88885,92122,95364,98667,102042,105447,108896,112076,113838,115392,116483,117099,117327,117027,116344,116230,116631,117557,119580,121990,124423,127117,129674,132196
Hombres,30,24073,25847,27682,29492,31530,33745,36069,38576,41256,44128,47177,49534,52258,55057,57817,60843,63856,66975,70154,73329,76456,79753,83017,86229,89434,92630,95836,99099,102431,105906,109243,111194,113164,114758,115901,116559,116883,115949,115454,115423,115870,117379,119383,121551,124079,126660,129204
Hombres,31,23328,25026,26832,28689,30524,32597,34857,37219,39764,42477,45375,47947,49793,52505,55301,58056,61071,64086,67201,70366,73531,76902,80238,83508,86736,89902,93066,96263,99493,102892,106273,108425,110546,112556,114204,115405,116157,115815,115064,114641,114663,115680,117169,118942,121200,123625,126186
Hombres,32,22625,24220,25949,27777,29659,31524,33636,35930,38325,40903,43637,46070,48149,49983,52692,55485,58230,61247,64257,67359,70516,73932,77334,80678,83966,87157,90294,93481,96659,99950,103277,105512,107801,109957,112024,113741,115032,115109,114940,114247,113890,114458,115456,116732,118592,120755,123159
Hombres,33,21944,23457,25081,26829,28680,30594,32488,34630,36959,39381,41975,44258,46216,48284,50115,52821,55605,58353,61367,64367,67463,70869,74311,77726,81086,84342,87511,90703,93876,97110,100342,102556,104904,107229,109440,111581,113388,114014,114254,114135,113515,113673,114226,115025,116384,118162,120303
Hombres,34,21285,22721,24258,25897,27665,29545,31491,33411,35578,37929,40366,42523,44348,46298,48365,50191,52890,55677,58423,61428,64426,67769,71200,74653,78086,81418,84652,87907,91091,94318,97508,99658,101963,104344,106723,109015,111239,112404,113186,113468,113425,113287,113433,113805,114686,115973,117729
Hombres,35,20656,22003,23459,25009,26666,28458,30371,32340,34277,36466,38829,40843,42560,44377,46324,48391,50211,52915,55702,58440,61444,64681,68044,71487,74960,78369,81686,85033,88285,91522,94713,96848,99072,101409,103842,106302,108672,110291,111606,112421,112786,113179,113036,113018,113473,114291,115564
Hombres,36,20037,21319,22683,24150,25715,27392,29214,31145,33136,35087,37284,39241,40829,42541,44357,46306,48366,50191,52893,55674,58409,61648,64907,68283,71750,75201,78599,82051,85398,88700,91908,94073,96267,98520,100907,103419,105952,107766,109527,110868,111766,112518,112919,112626,112693,113100,113912
Hombres,37,19417,20650,21948,23318,24797,26380,28080,29919,31870,33874,35828,37631,39184,40768,42480,44297,46240,48306,50130,52827,55608,58571,61831,65100,68499,71948,75391,78943,82400,85798,89078,91283,93496,95713,98016,100475,103056,105085,107031,108816,110240,111477,112248,112515,112316,112346,112753
Hombres,38,18789,19980,21227,22528,23908,25401,27004,28719,30573,32536,34543,36117,37534,39081,40668,42380,44194,46142,48210,50030,52729,55728,58708,61979,65273,68656,72099,75710,79270,82778,86164,88462,90705,92936,95197,97569,100092,102222,104378,106347,108211,109924,111199,111853,112211,111988,112028
Hombres,39,18110,19306,20508,21756,23066,24458,25969,27583,29309,31174,33139,34783,35988,37401,38950,40537,42245,44067,46015,48078,49899,52808,55824,58818,62112,65391,68773,72394,76020,79628,83127,85552,87877,90132,92403,94731,97158,99295,101547,103718,105765,107866,109638,110812,111563,111908,111701
Hombres,40,17359,18581,19788,20992,22248,23565,24972,26492,28115,29848,31712,33332,34623,35825,37241,38792,40376,42089,43910,45856,47917,49947,52871,55898,58912,62193,65474,69040,72678,76350,79960,82516,84958,87294,89583,91914,94290,96392,98639,100904,103152,105391,107580,109264,110536,111285,111652
Hombres,41,16526,17787,19021,20229,21437,22701,24031,25442,26968,28596,30325,31861,33146,34435,35641,37058,38606,40196,41913,43728,45674,47937,49978,52911,55957,58960,62239,65714,69302,72985,76664,79346,81911,84357,86723,89070,91445,93553,95757,98015,100352,102749,105102,107217,109003,110282,111055
Hombres,42,15822,16910,18184,19420,20632,21847,23121,24453,25869,27398,29021,30438,31657,32939,34231,35438,36854,38406,39996,41708,43524,45663,47936,49985,52939,55972,58973,62456,65949,69580,73275,76042,78727,81295,83767,86184,88569,90732,92937,95147,97469,99920,102459,104754,106972,108773,110081
Hombres,43,14987,16170,17267,18543,19783,21002,22225,23500,24837,26253,27775,29101,30218,31433,32718,34011,35215,36637,38189,39774,41485,43489,45634,47916,49981,52918,55950,59159,62663,66198,69844,72646,75414,78099,80688,83208,85661,87883,90131,92334,94605,97013,99634,102127,104525,106763,108594
Hombres,44,14300,15298,16491,17586,18868,20115,21341,22565,23842,25178,26587,27825,28868,29981,31200,32484,33774,34985,36405,37949,39534,41425,43434,45585,47879,49931,52864,56109,59341,62886,66441,69211,72009,74774,77477,80112,82661,84994,87291,89533,91792,94121,96727,99313,101910,104331,106605
Hombres,45,13625,14577,15580,16776,17872,19162,20418,21643,22868,24144,25471,26610,27582,28620,29738,30954,32235,33529,34739,36152,37697,39454,41347,43358,45520,47799,49847,53002,56267,59540,63103,65803,68568,71363,74142,76886,79545,82012,84409,86695,88981,91284,93841,96419,99106,101730,104188
Hombres,46,12942,13872,14830,15833,17030,18131,19429,20686,21913,23137,24403,25475,26362,27328,28370,29488,30699,31980,33274,34476,35889,37595,39353,41249,43267,45415,47685,49959,53135,56443,59731,62460,65153,67913,70718,73538,76302,78906,81428,83810,86135,88453,91004,93540,96216,98932,101590
Hombres,47,12264,13163,14098,15054,16057,17260,18368,19668,20926,22153,23368,24390,25221,26104,27073,28113,29224,30438,31719,33002,34205,35770,37475,39233,41133,43133,45269,47779,50074,53286,56611,59088,61807,64493,67262,70105,72940,75674,78325,80823,83239,85584,88175,90708,93335,96039,98783
Hombres,48,11591,12461,13364,14298,15253,16259,17469,18577,19878,21134,22353,23336,24130,24958,25844,26811,27845,28959,30171,31440,32720,34067,35630,37333,39093,40974,42963,45347,47875,50197,53428,55962,58433,61144,63838,66642,69498,72318,75089,77715,80244,82668,85305,87877,90498,93145,95873
Hombres,49,10932,11767,12640,13540,14473,15432,16442,17654,18759,20062,21310,22308,23074,23865,24695,25579,26540,27577,28687,29887,31150,32566,33913,35469,37174,38911,40777,43022,45422,47977,50316,52782,55308,57769,60486,63209,66022,68878,71728,74473,77122,79651,82381,84998,87647,90283,92948
Hombres,50,10299,11090,11928,12798,13698,14633,15594,16602,17813,18918,20212,21253,22044,22807,23599,24426,25304,26267,27298,28397,29592,30984,32394,33731,35286,36970,38691,40819,43079,45502,48070,49673,52128,54643,57111,59853,62584,65406,68284,71107,73871,76513,79352,82062,84744,87402,90047
Hombres,51,9708,10443,11234,12069,12937,13837,14775,15734,16738,17949,19044,20141,20986,21772,22535,23326,24147,25027,25984,27003,28095,29408,30792,32195,33531,35064,36727,38717,40858,43133,45566,47420,49020,51466,53981,56473,59218,61966,64811,67661,70499,73241,76193,79012,81777,84461,87119
Hombres,52,9168,9840,10574,11361,12192,13061,13963,14896,15850,16853,18055,18963,19874,20712,21499,22261,23042,23866,24740,25686,26701,27899,29204,30577,31973,33288,34801,36736,38735,40888,43174,44917,46762,48360,50802,53339,55832,58600,61366,64181,67043,69843,72899,75826,78690,81450,84129
Hombres,53,8688,9291,9960,10689,11471,12301,13169,14066,14992,15944,16935,17960,18695,19599,20435,21221,21972,22757,23576,24437,25376,26490,27680,28971,30337,31710,33004,34792,36732,38742,40901,42525,44260,46096,47699,50156,52688,55214,57998,60735,63557,66366,69474,72500,75464,78316,81060
Hombres,54,8261,8800,9401,10062,10783,11564,12392,13253,14142,15065,16002,16827,17689,18419,19320,20154,20927,21683,22463,23267,24124,25153,26254,27433,28715,30054,31402,32974,34764,36713,38726,40250,41865,43591,45425,47049,49500,52069,54609,57359,60103,62856,65965,69044,72097,75045,77873
Hombres,55,7892,8368,8900,9491,10145,10863,11639,12459,13310,14193,15101,15882,16558,17412,18142,19036,19858,20634,21383,22149,22949,23885,24903,25993,27158,28415,29730,31357,32926,34722,36669,38076,39589,41192,42915,44761,46386,48882,51457,53969,56724,59381,62426,65503,68602,71632,74551
Hombres,56,7568,7990,8458,8980,9562,10210,10922,11689,12498,13341,14207,14968,15613,16283,17135,17859,18741,19563,20331,21067,21826,22697,23623,24627,25703,26844,28074,29664,31286,32860,34652,36019,37414,38917,40513,42244,44083,45771,48269,50816,53328,55979,58917,61930,65021,68095,71089
Hombres,57,7275,7659,8071,8527,9039,9612,10253,10952,11706,12505,13331,14062,14698,15337,16007,16850,17565,18445,19260,20013,20742,21567,22425,23333,24326,25377,26491,27993,29578,31196,32765,34005,35359,36738,38232,39837,41557,43464,45161,47628,50171,52564,55487,58395,61417,64479,67512
Hombres,58,7001,7358,7731,8129,8573,9075,9640,10266,10953,11695,12473,13175,13793,14423,15062,15726,16557,17272,18143,18942,19690,20471,21281,22124,23023,23989,25014,26393,27885,29463,31077,32119,33345,34682,36051,37550,39140,40939,42847,44523,46981,49390,52046,54939,57853,60846,63868
Hombres,59,6734,7074,7418,7777,8162,8594,9086,9637,10246,10920,11642,12310,12909,13521,14150,14784,15437,16266,16974,17827,18618,19407,20176,20973,21804,22676,23620,24902,26273,27755,29321,30433,31465,32673,33997,35370,36850,38525,40320,42202,43873,46185,48851,51481,54375,57258,60211
Hombres,60,6468,6796,7123,7452,7796,8169,8591,9066,9599,10196,10848,11470,12047,12640,13251,13876,14497,15152,15973,16664,17509,18331,19108,19862,20644,21451,22303,23494,24762,26121,27591,28684,29780,30794,31987,33313,34668,36238,37908,39672,41539,43069,45632,48270,50903,53769,56611
Hombres,61,6197,6517,6831,7142,7456,7787,8149,8553,9012,9531,10107,10670,11213,11784,12376,12981,13595,14218,14866,15665,16351,17217,18026,18787,19529,20288,21074,22164,23339,24593,25937,26963,28038,29112,30111,31307,32611,34059,35621,37255,39000,40718,42506,45041,47680,50288,53111
Hombres,62,5923,6230,6536,6835,7130,7432,7752,8096,8483,8930,9426,9924,10421,10959,11527,12114,12707,13319,13934,14565,15354,16057,16908,17701,18449,19168,19907,20919,21991,23151,24392,25320,26326,27378,28432,29435,30606,32004,33436,34960,36569,38169,40138,41910,44447,47058,49628
Hombres,63,5654,5940,6233,6523,6807,7089,7380,7682,8011,8384,8810,9240,9683,10172,10707,11270,11843,12433,13038,13635,14259,15055,15746,16579,17358,18085,18786,19738,20731,21787,22930,23781,24690,25672,26703,27755,28734,29997,31374,32767,34261,35735,37583,39533,41316,43824,46394
Hombres,64,5389,5652,5924,6202,6477,6749,7021,7294,7581,7896,8252,8619,9004,9441,9928,10456,11003,11572,12154,12739,13327,13958,14740,15415,16236,16994,17700,18597,19533,20509,21549,22328,23159,24041,25000,26026,27051,28124,29365,30695,32056,33423,35144,36977,38932,40696,43163
Hombres,65,5129,5370,5619,5877,6140,6404,6665,6921,7180,7455,7753,8060,8390,8769,9202,9682,10193,10736,11295,11855,12428,13022,13640,14408,15073,15869,16604,17495,18376,19291,20250,20950,21712,22517,23379,24329,25324,26435,27480,28676,29969,31219,32832,34537,36372,38304,40035
Hombres,66,4865,5089,5317,5553,5798,6050,6305,6551,6793,7043,7301,7559,7835,8159,8536,8960,9422,9929,10460,10995,11544,12123,12706,13312,14064,14710,15482,16384,17255,18116,19016,19660,20341,21076,21859,22710,23633,24704,25782,26783,27937,29135,30627,32225,33930,35740,37633
Hombres,67,4593,4809,5021,5237,5461,5694,5941,6180,6414,6648,6881,7106,7337,7607,7928,8295,8703,9161,9652,10159,10682,11235,11803,12374,12968,13699,14325,15245,16127,16979,17825,18430,19056,19711,20422,21199,22020,23009,24047,25075,26036,27111,28547,30024,31617,33295,35066
Hombres,68,4301,4519,4724,4925,5130,5346,5574,5806,6034,6261,6480,6684,6888,7113,7380,7691,8042,8443,8886,9353,9844,10375,10917,11473,12031,12610,13319,14076,14976,15839,16676,17244,17831,18430,19064,19766,20511,21396,22348,23331,24315,25218,26526,27942,29411,30975,32611
Hombres,69,3990,4216,4423,4617,4808,5007,5217,5431,5652,5874,6088,6281,6466,6665,6885,7144,7439,7783,8168,8585,9037,9539,10059,10589,11133,11675,12233,13056,13798,14676,15523,16101,16654,17212,17791,18416,19089,19886,20734,21633,22569,23510,24637,25926,27329,28767,30283
Hombres,70,3661,3893,4108,4305,4491,4676,4869,5068,5274,5490,5700,5888,6064,6242,6436,6650,6892,7179,7509,7871,8270,8737,9230,9735,10253,10778,11300,11965,12767,13491,14353,14957,15514,16042,16576,17149,17745,18462,19224,20019,20872,21777,22926,24035,25309,26673,28057
Hombres,71,3323,3556,3778,3984,4173,4352,4533,4717,4907,5109,5313,5500,5671,5838,6014,6199,6397,6633,6907,7211,7558,7978,8433,8909,9402,9901,10407,11022,11668,12452,13161,13797,14380,14908,15412,15942,16482,17116,17800,18513,19262,20095,21198,22324,23413,24643,25950
Hombres,72,2989,3213,3435,3648,3845,4029,4205,4377,4555,4741,4932,5113,5281,5444,5608,5773,5943,6136,6359,6610,6900,7268,7678,8117,8582,9056,9533,10122,10720,11348,12118,12622,13233,13785,14288,14784,15283,15858,16460,17095,17765,18504,19517,20593,21689,22734,23905
Hombres,73,2671,2877,3090,3303,3507,3698,3878,4046,4212,4386,4563,4731,4894,5054,5212,5366,5515,5680,5861,6061,6298,6616,6976,7370,7795,8239,8690,9243,9816,10400,11017,11590,12071,12649,13173,13668,14134,14663,15206,15764,16359,17022,17928,18911,19952,21000,21983
Hombres,74,2377,2559,2754,2958,3162,3360,3547,3719,3880,4044,4208,4362,4511,4665,4819,4968,5106,5252,5404,5563,5753,6024,6329,6674,7055,7460,7880,8398,8937,9491,10065,10503,11051,11505,12052,12564,13031,13519,14017,14520,15040,15631,16447,17320,18267,19254,20235
Hombres,75,2113,2267,2439,2626,2820,3017,3210,3388,3552,3711,3866,4007,4140,4281,4429,4574,4707,4842,4977,5110,5261,5484,5742,6036,6365,6726,7108,7590,8093,8614,9158,9564,9984,10498,10926,11460,11941,12426,12887,13347,13811,14328,15059,15839,16675,17566,18483
Hombres,76,1878,2005,2150,2314,2491,2679,2870,3053,3223,3385,3535,3665,3786,3913,4048,4186,4316,4445,4568,4685,4809,4995,5208,5454,5733,6045,6382,6821,7288,7774,8287,8676,9064,9455,9939,10356,10856,11350,11806,12231,12656,13115,13756,14450,15194,15975,16795
Hombres,77,1668,1774,1893,2031,2186,2356,2537,2718,2892,3059,3210,3336,3447,3561,3683,3809,3932,4058,4176,4283,4391,4551,4728,4929,5162,5423,5712,6103,6528,6978,7454,7820,8192,8551,8919,9388,9776,10285,10750,11171,11562,11974,12543,13151,13808,14496,15206
Hombres,78,1480,1567,1665,1778,1907,2056,2220,2390,2561,2730,2886,3013,3120,3225,3334,3447,3561,3680,3796,3899,3999,4138,4290,4455,4644,4860,5100,5440,5818,6227,6667,7010,7357,7701,8037,8392,8828,9230,9709,10135,10519,10896,11404,11941,12511,13113,13734
Hombres,79,1312,1384,1464,1556,1662,1786,1928,2082,2242,2408,2566,2696,2804,2904,3005,3108,3208,3317,3427,3527,3623,3752,3883,4024,4177,4351,4546,4839,5167,5528,5925,6244,6569,6889,7206,7533,7864,8307,8680,9119,9510,9871,10328,10807,11304,11822,12360
Hombres,80,1159,1220,1287,1362,1448,1549,1667,1799,1943,2098,2251,2384,2496,2597,2693,2787,2877,2975,3076,3170,3263,3384,3505,3626,3755,3894,4049,4297,4576,4888,5238,5526,5825,6122,6418,6726,7026,7367,7778,8119,8518,8879,9311,9735,10178,10626,11083
Hombres,81,1019,1073,1129,1191,1260,1342,1437,1546,1670,1807,1949,2078,2193,2298,2395,2485,2567,2656,2746,2832,2921,3033,3145,3254,3365,3480,3604,3810,4045,4311,4613,4865,5133,5407,5681,5966,6245,6556,6869,7244,7550,7914,8328,8726,9118,9512,9906
Hombres,82,887,937,986,1038,1095,1161,1238,1326,1427,1544,1669,1789,1901,2008,2108,2198,2277,2357,2438,2515,2596,2699,2802,2903,3002,3101,3202,3374,3570,3792,4046,4261,4496,4739,4989,5252,5509,5799,6083,6366,6701,6973,7374,7757,8124,8471,8811
Hombres,83,766,811,855,900,948,1001,1063,1133,1214,1310,1416,1522,1626,1730,1830,1922,2001,2077,2151,2219,2291,2382,2476,2569,2660,2747,2833,2981,3143,3326,3537,3718,3917,4128,4349,4587,4822,5089,5351,5605,5858,6151,6456,6826,7176,7497,7796
Hombres,84,654,696,736,776,817,861,912,968,1032,1108,1194,1282,1374,1470,1567,1660,1740,1816,1885,1947,2011,2089,2170,2255,2339,2418,2492,2622,2759,2910,3085,3234,3398,3577,3766,3976,4188,4429,4670,4903,5126,5336,5655,5935,6269,6576,6850
Hombres,85,550,588,625,661,698,736,777,822,873,933,1001,1072,1149,1233,1322,1411,1491,1568,1637,1695,1753,1819,1889,1961,2037,2109,2177,2291,2411,2539,2682,2801,2936,3082,3240,3419,3605,3821,4039,4250,4454,4635,4869,5157,5409,5703,5965
Hombres,86,457,491,524,558,590,623,659,695,735,783,836,891,953,1024,1102,1182,1259,1335,1404,1461,1515,1572,1631,1693,1757,1822,1884,1986,2091,2200,2321,2418,2526,2644,2772,2921,3078,3268,3459,3649,3832,3997,4195,4405,4664,4880,5130
Hombres,87,374,404,434,463,492,522,553,583,616,653,695,738,786,842,907,977,1046,1117,1185,1242,1295,1346,1396,1449,1503,1559,1614,1704,1798,1893,1994,2076,2163,2258,2360,2480,2609,2768,2934,3103,3264,3406,3583,3762,3948,4168,4349
Hombres,88,301,326,353,379,404,430,458,484,512,542,574,607,645,689,740,797,856,920,983,1039,1091,1138,1183,1228,1274,1321,1368,1446,1529,1613,1700,1770,1843,1918,1997,2092,2195,2326,2465,2608,2749,2872,3023,3179,3336,3494,3679
Hombres,89,239,260,283,305,328,351,374,397,421,446,471,497,526,560,599,644,692,746,802,854,904,949,991,1030,1069,1109,1148,1215,1286,1359,1435,1496,1559,1617,1680,1753,1832,1938,2051,2169,2287,2394,2522,2654,2790,2919,3045
Hombres,90,185,203,222,241,260,280,300,320,340,362,383,403,426,452,482,516,553,597,643,689,735,777,817,853,887,920,953,1008,1067,1129,1195,1249,1304,1354,1403,1458,1519,1603,1692,1786,1881,1969,2075,2189,2304,2414,2517
Hombres,91,141,156,171,186,202,219,237,254,271,289,307,324,342,362,385,411,438,472,509,546,585,623,660,695,726,755,783,827,875,926,982,1029,1077,1118,1158,1203,1249,1313,1383,1456,1529,1599,1686,1778,1873,1967,2053
Hombres,92,105,116,128,141,155,168,183,197,212,227,242,256,271,286,304,323,344,369,397,426,458,490,523,554,583,610,634,669,708,749,794,835,875,912,946,981,1015,1064,1119,1173,1229,1280,1350,1423,1500,1575,1647
Hombres,93,76,85,94,103,115,127,138,150,162,175,187,199,211,224,238,252,267,285,306,327,352,377,404,432,458,483,504,533,564,597,633,666,700,731,758,788,814,853,893,935,976,1012,1064,1120,1183,1242,1299
Hombres,94,54,61,68,75,83,92,102,111,121,132,142,152,162,172,183,194,205,218,233,248,266,285,306,329,351,373,392,417,442,468,497,522,549,573,597,621,642,672,704,735,763,789,827,869,914,961,1006
Hombres,95,37,42,47,53,59,65,73,80,88,97,105,113,121,129,138,146,155,164,174,185,197,211,227,244,262,280,297,318,338,359,381,401,422,441,460,479,496,521,546,568,590,606,631,662,695,731,763
Hombres,96,25,28,32,36,41,46,51,57,62,69,75,82,88,95,101,108,114,121,128,135,144,153,164,177,190,204,218,236,253,269,287,303,318,333,347,362,375,395,414,430,447,458,476,495,519,543,567
Hombres,97,16,19,21,24,27,31,34,39,43,48,52,57,62,67,72,78,82,88,93,98,104,110,117,126,135,145,156,169,183,198,211,223,235,245,255,266,276,292,307,319,331,338,349,365,380,394,411
Hombres,98,10,12,13,15,17,20,22,25,28,32,35,39,43,46,50,54,58,61,65,69,73,76,81,87,93,100,108,118,128,139,150,160,168,176,183,190,198,210,221,231,239,244,253,260,271,281,290
Hombres,99,6,7,8,9,11,12,14,16,18,21,23,25,28,31,34,37,39,42,45,46,50,52,56,59,63,68,71,79,87,95,104,111,117,123,128,133,138,146,154,161,167,170,177,183,189,195,202
Hombres,100,4,4,5,6,7,8,9,10,11,13,14,16,18,20,22,24,26,27,29,31,33,34,36,39,41,44,47,52,57,62,68,74,79,83,86,90,93,99,104,109,113,116,120,124,128,132,136
Hombres,101,2,3,3,4,4,4,5,6,7,8,9,10,11,12,14,15,16,17,19,20,21,22,23,25,26,28,30,32,36,39,44,47,51,54,56,59,61,64,69,71,74,76,79,81,84,85,88
Hombres,102,1,1,1,2,2,2,3,3,5,4,5,6,7,7,8,9,10,10,11,12,13,14,14,14,17,16,17,20,22,24,28,29,32,33,35,37,38,40,43,44,46,48,49,52,54,54,56
Hombres,103,1,1,2,1,1,1,1,2,2,2,3,3,4,4,5,5,6,6,7,7,8,8,9,9,9,10,11,13,13,15,15,17,18,20,21,21,23,24,25,27,28,28,29,30,32,31,33
Hombres,104,0,0,0,1,1,2,1,1,1,1,1,3,1,2,2,3,3,3,4,4,4,4,5,5,5,5,6,6,7,8,9,9,10,11,12,12,13,14,15,15,16,16,17,17,18,17,18
Hombres,105,0,0,0,0,0,0,0,0,1,1,1,2,1,1,1,2,1,3,3,2,2,2,2,3,3,3,3,3,4,4,4,4,5,6,6,7,7,7,8,8,8,9,9,9,9,10,10
Hombres,106,0,0,0,0,0,0,0,0,0,0,0,0,0,1,1,1,1,1,1,1,1,1,1,2,1,1,1,3,3,2,2,2,3,4,3,3,3,4,4,4,4,4,4,4,5,5,5
Hombres,107,0,0,0,0,0,0,0,0,0,0,0,0,0,0,0,0,0,0,0,0,0,0,0,0,0,0,0,0,1,1,1,1,1,1,1,1,1,1,1,1,1,1,1,2,2,2,2
Hombres,108,0,0,0,0,0,0,0,0,0,0,0,0,0,0,0,0,0,0,0,0,0,0,0,0,0,0,0,0,0,0,0,0,0,0,0,0,0,0,0,0,0,0,0,1,1,1,2
Hombres,109,0,0,0,0,0,0,0,0,0,0,0,0,0,0,0,0,0,0,0,0,0,0,0,0,0,0,0,0,0,0,0,0,0,0,0,0,0,0,0,0,0,0,1,1,1,2,2
Mujeres,0,80904,86022,91241,96383,101310,105957,110307,113990,117654,121417,125292,127990,129515,131113,132651,134181,135665,137135,138601,140100,141368,142188,143101,143650,144016,144077,143688,143772,143847,143832,144037,144320,144492,144640,144974,145434,145644,145481,145675,146074,146347,145474,143889,142010,140276,138362,136084
Mujeres,1,77576,82743,88039,93353,98588,103604,108333,112765,116532,120362,124303,126975,128377,129907,131407,132825,134216,135548,136850,138182,139428,140358,141520,142735,143542,144105,144551,144755,144651,144347,144347,144585,144876,145161,145374,145839,146523,146610,146757,147195,147713,146595,144770,142739,140969,139042,136986
Mujeres,2,75368,80451,85765,91157,96571,101915,107038,111871,116392,120261,124181,126758,127979,129306,130690,132037,133298,134537,135714,136880,138075,139302,140349,141716,143073,144031,144878,145584,145679,145284,145004,144961,145179,145531,145814,146058,146705,147380,147731,148026,148552,147606,145607,143579,141683,139842,137891
Mujeres,3,73211,78166,83406,88810,94295,99808,105251,110470,115379,119991,123923,126415,127503,128669,129891,131164,132395,133548,134674,135748,136813,138235,139506,140702,142141,143608,144773,145682,146335,146229,145862,145449,145389,145643,145972,146232,146623,147356,148258,148701,149048,148108,146365,144312,142446,140563,138774
Mujeres,4,71047,75845,80942,86263,91753,97335,102943,108478,113776,118767,123444,125910,126894,127945,129039,130189,131386,132546,133622,134673,135675,137134,138557,139939,141155,142682,144304,145424,146310,146826,146753,146153,145730,145685,145911,146178,146559,147119,148041,149000,149477,148401,146760,145039,143161,141362,139580
Mujeres,5,68850,73516,78435,83605,89007,94598,100270,105966,111585,116962,122019,125227,126183,127146,128155,129208,130312,131467,132581,133606,134608,136109,137542,139047,140418,141704,143342,144855,145981,146777,147336,146919,146321,145901,145818,145953,146315,146937,147649,148610,149589,148724,147047,145480,143917,142145,140474
Mujeres,6,66614,71175,75951,80938,86183,91681,97357,103116,108899,114599,120046,123650,125364,126313,127259,128249,129281,130369,131502,132586,133584,135144,136602,138092,139566,140993,142360,143858,145397,146461,147308,147409,147005,146403,145945,145758,145982,146641,147391,148127,149092,148820,147449,145865,144444,143013,141373
Mujeres,7,64342,68803,73467,78310,83366,88699,94280,100043,105889,111755,117532,121558,123698,125422,126374,127320,128311,129344,130430,131555,132630,134204,135707,137207,138653,140173,141658,142878,144412,145914,147030,147299,147427,147019,146391,145826,145729,146293,147065,147832,148562,148363,147674,146401,144959,143682,142385
Mujeres,8,61988,66393,70952,75682,80593,85732,91145,96811,102662,108595,114542,118946,121552,123714,125457,126431,127393,128404,129456,130549,131682,133320,134830,136364,137805,139289,140845,142196,143460,144974,146525,146958,147264,147392,146961,146223,145749,146022,146680,147466,148216,147888,147359,146768,145635,144344,143209
Mujeres,9,59517,63891,68396,73020,77819,82807,88023,93519,99272,105212,111229,115856,118893,121539,123741,125525,126529,127535,128582,129661,130782,132433,133999,135523,136987,138456,139955,141407,142808,144066,145631,146396,146874,147183,147292,146751,146107,146011,146359,147026,147780,147589,147020,146596,146149,145167,144025
Mujeres,10,56903,61261,65734,70304,74997,79873,84938,90235,95816,101660,107688,112449,115776,118870,121575,123836,125675,126745,127804,128902,130027,131592,133162,134728,136170,137648,139114,140552,142059,143468,144772,145452,146274,146761,147056,147054,146606,146329,146288,146629,147249,147195,146852,146396,146120,145818,144988
Mujeres,11,54198,58534,62991,67534,72174,76945,81896,87042,92425,98094,104028,108866,112396,115795,118961,121738,124070,125989,127128,128253,129412,130881,132362,133922,135404,136856,138318,139778,141269,142785,144237,144565,145320,146158,146637,146828,146921,146818,146574,146511,146795,146746,146612,146370,146053,145910,145748
Mujeres,12,51484,55768,60206,64737,69351,74072,78919,83953,89183,94650,100411,105219,108894,112501,115977,119224,122080,124497,126495,127704,128901,130289,131677,133150,134636,136131,137567,139075,140574,142074,143622,144028,144450,145231,146073,146459,146751,147152,147071,146788,146659,146412,146335,146279,146150,145934,145902
Mujeres,13,48821,53017,57405,61917,66523,71219,76018,80948,86067,91383,96939,101632,105341,109094,112778,116333,119659,122599,125095,127165,128443,129753,131071,132464,133868,135379,136867,138382,139924,141427,142944,143416,143939,144397,145193,145946,146447,147001,147426,147287,146940,146406,146164,146132,146156,146089,145953
Mujeres,14,46251,50312,54607,59069,63659,68345,73121,78003,83017,88219,93619,98163,101812,105593,109416,113172,116799,120201,123215,125777,127911,129201,130444,131778,133098,134548,136061,137643,139191,140735,142246,142687,143307,143879,144368,145069,145957,146676,147270,147634,147439,146795,146289,146061,146079,146128,146113
Mujeres,15,43783,47683,51839,56206,60740,65409,70175,75033,79995,85090,90371,94807,98354,102068,105906,109787,113599,117290,120751,123816,126430,128485,129706,130977,132232,133627,135082,136682,138304,139865,141407,141839,142486,143176,143795,144161,145035,146107,146897,147464,147783,147385,146783,146261,146056,146067,146144
Mujeres,16,41399,45157,49144,53362,57795,62406,67150,71993,76930,81969,87135,91498,94980,98579,102333,106213,110131,113992,117721,121217,124312,126768,128755,130015,131199,132560,133958,135479,137131,138785,140338,140762,141481,142217,142976,143432,144022,145061,146253,147067,147599,147799,147450,146807,146293,146052,146073
Mujeres,17,39095,42718,46557,50600,54880,59383,64065,68883,73804,78813,83919,88209,91658,95179,98803,102583,106480,110429,114307,118051,121556,124438,126831,128866,130036,131352,132707,134138,135725,137444,139079,139429,140230,141056,141884,142435,143172,143911,145112,146394,147183,147671,147924,147515,146873,146294,146055
Mujeres,18,36905,40379,44079,47967,52066,56411,60981,65736,70630,75620,80695,84966,88383,91859,95391,99025,102809,106721,110670,114547,118280,121535,124371,126808,128767,130085,131393,132734,134244,135934,137622,137944,138750,139673,140614,141199,142078,142937,143883,145222,146484,147300,147840,148020,147612,146881,146303
Mujeres,19,34858,38172,41716,45465,49406,53566,57975,62618,67445,72410,77467,81748,85181,88616,92094,95627,99254,103038,106938,110872,114726,118196,121431,124304,126693,128800,130103,131355,132787,134431,136080,136354,137191,138121,139177,139856,140793,141760,142851,143955,145284,146632,147506,147963,148144,147634,146906
Mujeres,20,33483,36116,39495,43088,46888,50890,55115,59593,64310,69210,74242,78547,82026,85473,88903,92374,95893,99511,103276,107156,111059,114655,118137,121397,124251,126777,128867,130081,131429,133016,134613,134774,135587,136543,137620,138408,139451,140427,141633,142891,143991,145458,146868,147648,148115,148187,147680
Mujeres,21,31962,34755,37432,40860,44505,48368,52434,56726,61279,66068,71036,75356,78895,82384,85822,89240,92692,96198,99793,103532,107373,111046,114680,118176,121453,124424,126935,128914,130225,131739,133284,133351,134047,134972,136075,136896,138043,139059,140279,141636,142892,144185,145719,147028,147826,148176,148254
Mujeres,22,30599,33236,36082,38787,42266,45974,49901,54036,58401,63026,67885,72178,75769,79315,82794,86218,89615,93052,96532,100097,103798,107444,111176,114816,118356,121726,124691,127082,129153,130636,132111,132112,132695,133488,134558,135431,136593,137642,138894,140239,141602,143104,144461,145890,147229,147906,148269
Mujeres,23,29389,31869,34555,37440,40174,43718,47490,51485,55693,60129,64825,69044,72642,76237,79772,83236,86637,90017,93427,96874,100402,103956,107679,111409,115112,118725,122096,124940,127419,129663,131118,131061,131536,132204,133139,134007,135196,136191,137465,138819,140172,141832,143396,144643,146107,147324,148014
Mujeres,24,28299,30648,33173,35897,38821,41596,45203,49043,53111,57388,61892,65977,69533,73135,76720,80240,83683,87068,90421,93799,97209,100640,104277,107995,111801,115560,119182,122441,125370,128019,130249,130190,130564,131116,131915,132678,133840,134792,136001,137351,138717,140415,142130,143578,144870,146209,147439
Mujeres,25,27330,29535,31927,34485,37245,40222,43038,46710,50620,54758,59101,63024,66474,70033,73624,77195,80696,84121,87480,90801,94144,97517,101035,104664,108467,112317,116090,119609,122948,126041,128686,129435,129762,130201,130877,131538,132574,133432,134591,135851,137221,138966,140713,142309,143810,144977,146329
Mujeres,26,26405,28535,30779,33202,35795,38604,41630,44486,48225,52204,56405,60193,63507,66961,70509,74091,77643,81127,84528,87858,91144,94509,97970,101477,105196,109029,112899,116583,120180,123672,126774,127980,129062,129450,130004,130573,131482,132162,133213,134406,135693,137471,139259,140884,142538,143915,145091
Mujeres,27,25575,27567,29735,32006,34460,37098,39952,43028,45927,49729,53770,57440,60647,63962,67405,70945,74507,78046,81508,84882,88179,91548,94996,98450,102052,105792,109650,113439,117196,120931,124444,126145,127644,128784,129280,129756,130555,131058,131921,132994,134220,135935,137752,139421,141107,142637,144024
Mujeres,28,24888,26690,28715,30909,33209,35703,38382,41281,44407,47344,51206,54738,57852,61057,64364,67796,71320,74869,78388,81825,85169,88605,92060,95503,99047,102664,106430,110218,114073,117955,121723,123879,125835,127388,128629,129069,129757,130110,130790,131667,132783,134452,136201,137895,139628,141196,142735
Mujeres,29,24119,25952,27779,29826,32046,34383,36914,39632,42578,45751,48722,52098,55095,58208,61404,64701,68120,71630,75162,78657,82064,85607,89125,92574,96110,99662,103312,107010,110857,114829,118750,121202,123581,125589,127235,128443,129077,129292,129815,130506,131431,132995,134696,136326,138087,139707,141281
Mujeres,30,23326,25122,26982,28826,30895,33150,35516,38085,40845,43832,47046,49531,52396,55391,58496,61682,64964,68372,71866,75377,78843,82505,86125,89643,93183,96721,100310,103893,107648,111601,115616,118264,120909,123333,125426,127054,128436,128581,128961,129500,130249,131620,133212,134798,136498,138154,139780
Mujeres,31,22552,24263,26085,27962,29823,31922,34207,36606,39209,42006,45030,47781,49766,52628,55615,58711,61882,65155,68546,72020,75503,79271,83009,86632,90239,93781,97360,100885,104521,108375,112377,115150,117965,120652,123152,125239,127024,127913,128224,128621,129228,130410,131810,133295,134953,136557,138217
Mujeres,32,21819,23425,25163,27000,28897,30780,32903,35217,37646,40282,43109,45686,47956,49936,52789,55768,58849,62013,65271,68641,72090,75919,79763,83506,87214,90826,94409,97928,101503,105228,109131,111921,114840,117689,120443,122944,125172,126479,127531,127866,128344,129360,130576,131873,133435,135004,136614
Mujeres,33,21113,22630,24257,26007,27864,29785,31684,33831,36172,38627,41291,43684,45799,48065,50035,52879,55847,58920,62070,65309,68659,72490,76388,80242,84071,87784,91436,94966,98531,102189,105961,108678,111590,114544,117450,120210,122836,124615,126078,127160,127584,128439,129493,130619,131997,133480,135060
Mujeres,34,20425,21864,23402,25037,26802,28681,30620,32537,34706,37072,39549,41793,43744,45855,48112,50073,52906,55866,58927,62060,65279,69042,72939,76853,80786,84621,88380,91981,95553,99196,102904,105511,108331,111272,114270,117185,120053,122272,124203,125703,126880,127643,128551,129521,130733,132046,133540
Mujeres,35,19766,21122,22576,24120,25767,27552,29447,31403,33335,35524,37908,39982,41802,43749,45851,48101,50051,52878,55828,58871,61988,65645,69471,73387,77375,81318,85196,88908,92551,96193,99886,102443,105138,107982,110961,113973,116983,119493,121858,123828,125424,126895,127724,128558,129624,130779,132110
Mujeres,36,19113,20408,21777,23239,24790,26455,28254,30164,32135,34082,36284,38281,39948,41765,43704,45800,48040,49987,52804,55738,58768,62339,66055,69898,73885,77885,81871,85707,89458,93167,96861,99417,102048,104765,107639,110630,113721,116429,119076,121481,123550,125394,126950,127717,128651,129674,130850
Mujeres,37,18461,19709,21017,22390,23854,25422,27096,28909,30833,32819,34774,36604,38212,39877,41686,43619,45707,47944,49882,52685,55606,59105,62733,66466,70378,74372,78415,82362,86237,90049,93814,96382,99000,101648,104388,107275,110333,113178,116013,118702,121204,123470,125422,126928,127802,128702,129751
Mujeres,38,17813,19014,20269,21580,22955,24434,26010,27693,29516,31454,33450,35045,36505,38110,39769,41575,43501,45586,47816,49745,52536,55933,59483,63125,66918,70837,74872,78880,82870,86803,90674,93323,95943,98573,101240,103991,106937,109803,112768,115641,118422,121077,123473,125384,126998,127850,128784
Mujeres,39,17131,18323,19533,20791,22103,23488,24974,26556,28249,30084,32029,33683,34926,36384,37985,39640,41438,43363,45443,47663,49582,52850,56291,59855,63553,67354,71309,75318,79369,83415,87406,90173,92864,95494,98136,100814,103613,106422,109401,112398,115361,118250,121054,123420,125444,127045,127931
Mujeres,40,16401,17606,18806,20016,21276,22597,23987,25478,27067,28769,30612,32232,33548,34788,36243,37840,39491,41289,43209,45279,47491,49886,53193,56648,60261,63960,67793,71731,75782,79886,83994,86894,89697,92394,95032,97685,100403,103116,106024,109032,112110,115139,118204,120986,123465,125483,127122
Mujeres,41,15609,16840,18054,19255,20466,21735,23059,24454,25949,27546,29253,30785,32085,33402,34638,36091,37682,39332,41126,43038,45099,47784,50210,53529,57024,60638,64367,68193,72174,76279,80444,83473,86401,89206,91909,94556,97247,99919,102723,105656,108737,111847,115073,118119,121015,123496,125549
Mujeres,42,14956,16015,17256,18473,19675,20894,22165,23493,24892,26394,27994,29405,30634,31935,33245,34482,35928,37521,39166,40952,42857,45384,48095,50524,53877,57371,61008,64747,68615,72646,76809,79917,82969,85899,88706,91419,94097,96778,99533,102356,105352,108436,111766,114978,118133,121035,123545
Mujeres,43,14192,15335,16401,17645,18865,20075,21297,22571,23902,25305,26810,28129,29253,30481,31776,33086,34318,35765,37353,38991,40772,43129,45678,48391,50846,54194,57707,61370,65147,69063,73152,76278,79403,82454,85385,88202,90941,93643,96396,99167,102046,105021,108342,111656,114972,118136,121064
Mujeres,44,13577,14543,15695,16760,18011,19241,20454,21678,22955,24289,25695,26932,27977,29101,30325,31617,32921,34156,35599,37180,38814,41030,43407,45953,48692,51133,54495,58051,61751,65574,69546,72619,75759,78883,81935,84876,87716,90503,93265,96028,98844,101684,104911,108218,111631,114954,118141
Mujeres,45,12983,13906,14876,16033,17101,18362,19595,20811,22038,23321,24656,25806,26783,27827,28947,30168,31457,32761,33991,35429,37005,39059,41290,43662,46230,48953,51395,54820,58412,62151,66026,69009,72098,75236,78359,81421,84383,87286,90124,92893,95696,98457,101563,104773,108175,111593,114934
Mujeres,46,12390,13291,14219,15192,16350,17428,18695,19931,21152,22383,23666,24759,25660,26637,27678,28795,30010,31300,32600,33825,35257,37236,39302,41527,43913,46462,49187,51707,55161,58787,62576,65494,68489,71575,74715,77847,80928,83960,86907,89746,92546,95287,98325,101412,104712,108115,111547
Mujeres,47,11805,12679,13587,14515,15487,16659,17739,19011,20253,21477,22709,23760,24616,25518,26489,27528,28639,29855,31139,32434,33655,35473,37460,39517,41750,44116,46663,49483,52024,55511,59178,62048,64975,67970,71054,74204,77352,80507,83577,86522,89389,92118,95144,98165,101335,104635,108045
Mujeres,48,11229,12078,12957,13865,14794,15775,16954,18035,19313,20561,21787,22797,23621,24477,25374,26343,27376,28488,29699,30978,32268,33855,35678,37653,39714,41929,44287,46942,49783,52345,55871,58657,61533,64460,67450,70546,73708,76933,80120,83186,86157,88946,91968,94974,98073,101242,104547
Mujeres,49,10670,11488,12341,13220,14129,15067,16050,17232,18317,19601,20851,21865,22658,23483,24334,25229,26192,27226,28335,29538,30811,32450,34038,35848,37825,39863,42071,44548,47223,50082,52674,55358,58148,61021,63944,66945,70049,73289,76539,79721,82809,85695,88786,91790,94869,97967,101134
Mujeres,50,10137,10915,11737,12589,13469,14387,15324,16308,17497,18583,19870,20917,21727,22521,23341,24190,25079,26045,27073,28175,29375,30976,32614,34188,35996,37950,39978,42314,44806,47494,50382,52168,54855,57644,60508,63437,66446,69628,72886,76136,79337,82335,85527,88597,91670,94747,97842
Mujeres,51,9646,10372,11152,11973,12825,13713,14631,15569,16555,17746,18834,19929,20782,21591,22378,23196,24039,24929,25890,26914,28011,29518,31118,32740,34309,36093,38033,40201,42546,45052,47762,49880,51675,54353,57130,60004,62933,66021,69220,72482,75748,78853,82158,85328,88463,91536,94606
Mujeres,52,9203,9870,10596,11374,12194,13055,13941,14858,15797,16784,17975,18881,19794,20646,21448,22234,23045,23891,24776,25731,26749,28135,29638,31221,32837,34382,36148,38237,40411,42766,45288,47264,49381,51176,53845,56625,59491,62506,65610,68814,72087,75250,78664,81950,85182,88314,91376
Mujeres,53,8813,9416,10081,10805,11582,12408,13266,14152,15069,16006,16990,18012,18745,19657,20501,21304,22081,22894,23735,24616,25567,26852,28232,29719,31292,32883,34410,36330,38425,40600,42970,44793,46770,48880,50666,53333,56107,59064,62093,65199,68415,71577,75049,78441,81784,85014,88134
Mujeres,54,8478,9017,9617,10277,10996,11777,12601,13456,14340,15255,16188,17012,17871,18607,19510,20353,21147,21928,22737,23572,24449,25647,26929,28290,29767,31315,32888,34572,36492,38588,40775,42479,44301,46268,48362,50156,52810,55680,58649,61684,64800,67894,71364,74814,78259,81602,84818
Mujeres,55,8195,8673,9206,9798,10453,11177,11954,12773,13626,14507,15414,16198,16873,17733,18462,19361,20197,20993,21771,22575,23406,24511,25704,26965,28314,29765,31291,33026,34709,36628,38731,40287,41987,43797,45746,47839,49623,52382,55263,58235,61277,64262,67662,71114,74614,78059,81388
Mujeres,56,7950,8377,8847,9371,9956,10613,11331,12104,12919,13766,14638,15407,16054,16731,17585,18312,19204,20043,20835,21608,22409,23450,24548,25721,26968,28289,29718,31408,33138,34817,36742,38243,39793,41480,43270,45216,47293,49199,51968,54848,57824,60726,64019,67401,70900,74398,77827
Mujeres,57,7732,8121,8538,8997,9513,10101,10750,11460,12227,13036,13875,14618,15265,15913,16584,17436,18156,19051,19886,20675,21446,22436,23469,24545,25702,26922,28222,29813,31499,33220,34901,36258,37749,39283,40949,42734,44659,46868,48786,51552,54433,57265,60472,63748,67173,70669,74151
Mujeres,58,7526,7891,8268,8674,9123,9638,10216,10858,11562,12320,13120,13842,14476,15123,15766,16436,17279,18004,18894,19724,20511,21451,22431,23446,24506,25636,26834,28296,29882,31558,33282,34421,35764,37239,38751,40409,42174,44241,46451,48370,51131,53863,56997,60188,63503,66923,70399
Mujeres,59,7319,7670,8022,8387,8781,9231,9735,10303,10937,11634,12383,13076,13698,14334,14975,15616,16279,17124,17847,18732,19560,20496,21427,22391,23388,24424,25532,26891,28343,29919,31595,32799,33925,35251,36704,38209,39841,41755,43820,46026,47942,50554,53581,56698,59922,63228,66628
Mujeres,60,7102,7447,7785,8125,8478,8872,9310,9805,10365,10991,11676,12330,12936,13560,14189,14826,15461,16127,16969,17684,18565,19526,20455,21370,22317,23290,24306,25570,26917,28357,29929,31113,32306,33414,34717,36157,37636,39426,41334,43388,45581,47357,50258,53269,56409,59619,62902
Mujeres,61,6870,7212,7543,7869,8196,8552,8933,9362,9849,10400,11013,11615,12191,12799,13413,14038,14668,15306,15966,16800,17511,18510,19463,20379,21279,22205,23159,24324,25578,26911,28350,29455,30624,31795,32881,34171,35584,37223,38998,40895,42930,44982,47049,49928,52955,56081,59261
Mujeres,62,6628,6963,7291,7611,7925,8254,8595,8968,9387,9866,10407,10948,11481,12055,12652,13263,13878,14508,15139,15793,16617,17437,18430,19370,20271,21152,22061,23155,24312,25549,26879,27877,28967,30115,31257,32335,33598,35167,36790,38548,40420,42323,44656,46701,49590,52597,55683
Mujeres,63,6381,6700,7021,7339,7648,7963,8282,8614,8979,9391,9859,10333,10812,11344,11909,12500,13098,13712,14336,14955,15602,16526,17341,18322,19249,20133,20997,22037,23122,24263,25496,26411,27394,28462,29578,30712,31761,33179,34725,36327,38056,39803,41979,44284,46340,49204,52167
Mujeres,64,6132,6431,6737,7048,7356,7668,7974,8283,8609,8967,9369,9777,10198,10675,11195,11752,12330,12925,13528,14140,14751,15493,16413,17218,18186,19096,19964,20950,21980,23051,24186,25029,25928,26886,27926,29029,30131,31333,32722,34244,35813,37431,39444,41588,43898,45929,48749
Mujeres,65,5878,6161,6448,6744,7046,7358,7662,7959,8262,8583,8933,9280,9640,10059,10522,11032,11576,12149,12734,13324,13924,14629,15366,16277,17069,18022,18917,19893,20869,21886,22953,23716,24542,25420,26349,27376,28447,29690,30861,32225,33709,35182,37056,39037,41184,43462,45452
Mujeres,66,5616,5886,6157,6435,6723,7031,7336,7631,7925,8223,8538,8836,9140,9496,9900,10353,10849,11387,11947,12519,13095,13787,14490,15218,16115,16892,17828,18819,19790,20754,21768,22481,23228,24033,24881,25800,26792,27991,29199,30344,31667,33076,34795,36637,38616,40729,42959
Mujeres,67,5338,5605,5863,6126,6398,6692,6994,7290,7584,7874,8166,8432,8689,8990,9332,9726,10165,10654,11180,11724,12278,12947,13636,14330,15047,15926,16688,17709,18694,19653,20615,21291,21990,22715,23490,24326,25211,26322,27486,28664,29769,31033,32674,34363,36204,38146,40213
Mujeres,68,5035,5309,5565,5816,6073,6352,6641,6934,7229,7520,7804,8052,8278,8532,8818,9151,9530,9962,10436,10945,11473,12121,12787,13466,14145,14846,15707,16548,17563,18537,19493,20133,20795,21470,22167,22933,23736,24727,25799,26933,28066,29131,30621,32235,33914,35718,37612
Mujeres,69,4702,4992,5255,5504,5749,6014,6288,6571,6862,7155,7440,7682,7890,8113,8353,8629,8948,9320,9739,10196,10688,11307,11952,12606,13269,13934,14616,15547,16383,17385,18358,19005,19630,20270,20919,21606,22339,23239,24192,25231,26318,27427,28710,30172,31773,33415,35166
Mujeres,70,4342,4644,4922,5179,5423,5677,5937,6205,6486,6779,7068,7310,7511,7717,7925,8157,8418,8730,9089,9489,9932,10515,11128,11760,12398,13044,13687,14437,15363,16190,17190,17867,18498,19101,19713,20351,21009,21827,22687,23612,24605,25680,26996,28249,29694,31256,32845
Mujeres,71,3968,4274,4564,4836,5088,5341,5590,5846,6113,6394,6682,6929,7129,7328,7518,7720,7935,8193,8491,8832,9219,9751,10326,10927,11539,12159,12782,13491,14237,15151,15978,16697,17354,17963,18538,19141,19748,20482,21262,22096,22972,23970,25240,26520,27760,29163,30667
Mujeres,72,3595,3892,4186,4469,4734,4995,5242,5488,5744,6010,6287,6531,6737,6937,7121,7302,7488,7701,7947,8231,8559,9032,9556,10116,10696,11288,11883,12571,13274,14011,14925,15485,16182,16815,17397,17964,18535,19211,19909,20660,21451,22344,23520,24754,26015,27213,28560
Mujeres,73,3235,3512,3797,4083,4359,4633,4888,5130,5376,5630,5893,6127,6331,6534,6718,6895,7062,7245,7448,7680,7951,8364,8830,9336,9874,10431,10997,11656,12339,13033,13774,14428,14971,15643,16245,16815,17350,17983,18626,19299,20011,20821,21886,23027,24237,25450,26588
Mujeres,74,2899,3148,3413,3689,3967,4251,4518,4768,5010,5254,5503,5724,5918,6120,6307,6484,6646,6813,6988,7179,7400,7751,8154,8602,9085,9598,10128,10758,11412,12085,12781,13278,13913,14432,15070,15662,16198,16790,17391,18010,18644,19384,20355,21382,22494,23656,24807
Mujeres,75,2594,2809,3045,3301,3569,3854,4130,4390,4637,4878,5119,5327,5508,5701,5888,6068,6231,6393,6551,6718,6900,7193,7533,7919,8340,8798,9284,9879,10502,11148,11821,12286,12766,13373,13866,14489,15046,15635,16194,16773,17355,18020,18907,19840,20838,21902,23001
Mujeres,76,2321,2504,2706,2934,3181,3454,3730,3997,4255,4501,4737,4934,5106,5287,5464,5645,5811,5976,6128,6280,6438,6684,6968,7290,7651,8047,8473,9027,9618,10230,10872,11325,11775,12233,12807,13290,13877,14478,15035,15575,16118,16733,17534,18380,19283,20232,21232
Mujeres,77,2075,2230,2400,2595,2814,3065,3328,3594,3857,4110,4351,4546,4710,4880,5047,5220,5387,5553,5711,5857,6003,6214,6451,6717,7015,7349,7714,8215,8761,9338,9948,10383,10821,11249,11678,12239,12688,13314,13885,14419,14926,15497,16232,16993,17810,18658,19540
Mujeres,78,1854,1985,2128,2291,2477,2699,2940,3193,3453,3712,3957,4157,4321,4485,4643,4804,4963,5131,5293,5440,5583,5771,5972,6192,6433,6708,7009,7453,7947,8479,9052,9467,9886,10301,10700,11122,11644,12136,12725,13273,13774,14301,14981,15675,16404,17166,17951
Mujeres,79,1654,1766,1886,2021,2176,2365,2577,2807,3053,3305,3555,3762,3934,4097,4247,4401,4550,4711,4872,5025,5169,5341,5519,5704,5901,6119,6363,6747,7182,7660,8186,8580,8979,9375,9761,10154,10543,11097,11558,12124,12636,13150,13773,14410,15069,15741,16438
Mujeres,80,1468,1565,1667,1780,1909,2066,2246,2447,2670,2909,3152,3364,3545,3715,3866,4011,4152,4302,4457,4610,4758,4920,5082,5244,5406,5581,5774,6103,6479,6898,7368,7731,8107,8482,8850,9227,9586,10010,10531,10971,11500,12015,12608,13188,13787,14388,14996
Mujeres,81,1296,1384,1472,1567,1673,1804,1953,2122,2316,2531,2757,2966,3155,3332,3489,3632,3766,3908,4053,4199,4346,4501,4653,4802,4940,5085,5236,5513,5831,6192,6604,6928,7274,7625,7971,8327,8671,9063,9458,9954,10361,10881,11461,12010,12551,13094,13631
Mujeres,82,1133,1213,1291,1373,1461,1570,1693,1833,1995,2182,2384,2581,2767,2950,3112,3261,3393,3527,3662,3798,3939,4084,4229,4367,4494,4618,4739,4975,5243,5550,5902,6182,6489,6808,7131,7465,7788,8162,8525,8900,9357,9754,10323,10856,11365,11851,12331
Mujeres,83,980,1053,1124,1196,1271,1363,1465,1579,1712,1868,2043,2217,2393,2574,2739,2894,3028,3160,3287,3414,3543,3673,3808,3941,4060,4172,4274,4478,4705,4960,5258,5493,5760,6041,6332,6642,6942,7292,7637,7979,8322,8757,9196,9719,10208,10664,11086
Mujeres,84,837,904,969,1034,1100,1178,1263,1356,1465,1592,1737,1889,2045,2213,2376,2533,2670,2803,2926,3044,3164,3277,3400,3522,3636,3741,3834,4013,4209,4424,4670,4867,5090,5330,5585,5864,6138,6466,6786,7109,7419,7739,8201,8600,9078,9513,9906
Mujeres,85,706,767,825,884,942,1011,1083,1160,1249,1352,1470,1593,1729,1879,2030,2181,2321,2455,2579,2692,2802,2904,3010,3121,3226,3325,3410,3575,3747,3930,4137,4297,4481,4681,4896,5139,5383,5682,5977,6275,6568,6851,7196,7614,7974,8396,8770
Mujeres,86,587,640,692,745,798,858,921,986,1058,1142,1237,1337,1447,1576,1709,1849,1983,2118,2241,2353,2459,2548,2643,2740,2833,2924,3007,3157,3313,3473,3649,3782,3931,4093,4268,4472,4682,4949,5217,5490,5756,6015,6318,6625,7002,7314,7674
Mujeres,87,481,528,573,620,667,721,775,831,892,961,1036,1118,1207,1310,1424,1544,1666,1795,1917,2027,2133,2214,2299,2383,2466,2547,2622,2760,2901,3042,3196,3309,3431,3562,3701,3867,4041,4271,4508,4753,4995,5228,5498,5764,6037,6363,6622
Mujeres,88,388,427,466,506,547,595,643,692,744,801,863,928,999,1082,1172,1273,1379,1493,1609,1717,1819,1899,1976,2052,2123,2194,2261,2382,2511,2638,2774,2876,2976,3082,3191,3324,3463,3656,3857,4071,4286,4492,4731,4968,5202,5432,5703
Mujeres,89,308,340,373,407,442,483,525,568,613,661,712,763,820,886,957,1040,1126,1224,1326,1427,1524,1603,1677,1747,1809,1871,1927,2035,2147,2262,2383,2473,2563,2649,2736,2839,2946,3102,3269,3450,3635,3815,4023,4229,4434,4627,4812
Mujeres,90,241,268,294,322,352,387,423,459,498,539,582,624,668,721,776,839,907,986,1073,1161,1251,1327,1399,1465,1522,1577,1627,1715,1813,1914,2021,2102,2182,2256,2325,2407,2488,2612,2745,2893,3046,3198,3377,3554,3730,3898,4052
Mujeres,91,184,206,227,250,274,303,333,364,397,432,468,502,539,579,622,671,723,785,854,927,1005,1074,1141,1205,1261,1312,1355,1428,1509,1597,1691,1762,1834,1899,1958,2022,2084,2181,2284,2400,2522,2648,2794,2946,3096,3237,3369
Mujeres,92,137,154,172,190,209,232,257,282,310,339,370,399,429,462,494,531,570,617,669,726,789,848,910,970,1022,1071,1111,1172,1239,1312,1391,1455,1516,1575,1625,1679,1725,1801,1881,1971,2065,2163,2280,2404,2528,2647,2757
Mujeres,93,101,114,128,142,157,175,194,215,237,262,286,310,333,360,385,414,442,477,515,558,607,655,708,761,810,856,895,947,1002,1060,1125,1179,1233,1281,1326,1371,1409,1470,1532,1599,1670,1743,1832,1930,2031,2128,2217
Mujeres,94,71,81,92,103,115,129,144,159,177,196,216,236,256,277,298,317,339,364,392,423,458,497,538,582,626,668,703,748,794,841,893,937,982,1023,1060,1099,1131,1181,1229,1279,1332,1383,1450,1525,1602,1679,1752
Mujeres,95,49,56,64,73,82,92,103,115,129,144,159,175,191,207,224,239,255,274,292,315,340,368,400,435,470,506,538,575,615,654,696,730,767,800,831,864,890,931,968,1007,1045,1083,1131,1185,1242,1299,1356
Mujeres,96,33,38,44,50,57,64,73,81,91,103,114,126,138,151,164,177,188,201,215,229,248,266,290,317,345,373,400,431,464,496,530,557,585,612,636,662,684,717,747,778,806,832,865,903,943,986,1026
Mujeres,97,22,25,29,33,38,43,49,56,62,71,79,88,97,106,116,125,135,145,153,164,176,189,206,224,245,267,288,313,339,366,392,414,436,455,476,495,512,538,563,585,607,627,650,674,702,730,759
Mujeres,98,14,16,19,22,25,29,33,37,42,48,54,60,66,73,80,87,94,102,108,116,123,133,143,156,170,185,201,219,240,260,282,301,315,331,345,359,373,393,411,430,446,460,476,493,511,529,548
Mujeres,99,8,10,11,13,15,18,21,24,27,31,35,39,43,48,53,58,63,68,72,78,84,90,97,105,113,125,135,149,162,179,195,210,222,233,244,254,263,279,293,307,319,328,341,352,362,374,386
Mujeres,100,5,6,7,8,9,11,12,14,17,19,22,24,28,31,34,37,41,44,48,51,56,59,64,69,74,81,88,97,106,117,130,141,150,160,167,174,181,190,201,212,219,227,235,243,250,257,263
Mujeres,101,4,3,4,4,5,7,7,8,10,11,13,15,17,19,21,23,25,28,30,33,35,38,42,45,47,50,56,61,67,75,84,90,98,104,109,114,120,125,134,140,145,151,158,161,167,172,175
Mujeres,102,1,2,2,2,3,3,4,4,6,7,8,9,10,11,12,14,15,17,18,20,21,23,25,28,29,31,34,37,41,45,51,55,61,65,69,73,76,80,85,88,93,96,101,104,107,111,112
Mujeres,103,1,2,2,1,1,2,3,4,3,4,4,4,5,6,7,8,8,10,10,11,12,13,14,16,18,19,20,22,25,27,30,32,35,38,41,44,47,48,52,53,55,58,62,62,64,67,68
Mujeres,104,0,0,0,2,2,2,1,1,1,2,3,3,2,3,4,4,4,5,6,5,7,7,8,9,9,10,11,12,13,16,15,17,19,22,24,25,26,27,30,30,32,34,35,37,38,39,40
Mujeres,105,0,0,0,0,0,1,1,1,1,2,2,2,1,1,3,3,3,3,3,4,3,3,4,4,5,5,6,6,7,9,8,9,10,11,12,13,13,15,17,17,18,19,20,20,21,22,22
Mujeres,106,0,0,0,0,0,0,0,0,0,0,0,1,2,2,2,1,1,1,1,3,3,3,3,3,4,4,4,4,5,3,3,5,5,6,7,6,7,8,8,10,10,9,9,10,11,11,11
Mujeres,107,0,0,0,0,0,0,0,0,0,0,0,0,0,0,0,0,1,1,1,2,2,2,2,2,2,2,2,2,2,2,4,3,3,4,2,3,3,5,5,3,4,4,5,6,5,5,4
Mujeres,108,0,0,0,0,0,0,0,0,0,0,0,0,0,0,0,0,0,0,0,0,0,2,2,1,1,1,2,2,1,1,0,0,0,0,1,1,1,1,1,2,2,2,2,2,2,2,2
Mujeres,109,0,0,0,0,0,0,0,0,0,0,0,0,0,0,0,0,0,0,0,0,0,0,0,0,0,0,0,0,0,0,0,0,0,0,0,0,0,0,0,0,0,0,0,0,0,0,0
