Mujeres,1970,1971,1972,1973,1974,1975,1976,1977,1978,1979,1980,1981,1982,1983,1984,1985,1986,1987,1988,1989,1990,1991,1992,1993,1994,1995,1996,1997,1998,1999,2000,2001,2002,2003,2004,2005,2006,2007,2008,2009,2010,2011,2012,2013,2014,2015
0,83463,88632,93812,98847,103634,108132,112149,115822,119536,123355,126641,128753,130314,131882,133416,134923,136400,137868,139351,140734,141778,142645,143376,143833,144047,143883,143730,143810,143840,143935,144179,144406,144566,144807,145204,145539,145563,145578,145875,146211,145911,144682,142950,141143,139319,137223
1,80160,85391,90696,95971,101096,105969,110549,114649,118447,122333,125639,127676,129142,130657,132116,133521,134882,136199,137516,138805,139893,140939,142128,143139,143824,144328,144653,144703,144499,144347,144466,144731,145019,145268,145607,146181,146567,146684,146976,147454,147154,145683,143755,141854,140006,138014
2,77910,83108,88461,93864,99243,104477,109455,114132,118327,122221,125470,127369,128643,129998,131364,132668,133918,135126,136297,137478,138689,139826,141033,142395,143552,144455,145231,145632,145482,145144,144983,145070,145355,145673,145936,146382,147043,147556,147879,148289,148079,146607,144593,142631,140763,138867
3,75689,80786,86108,91553,97052,102530,107861,112925,117685,121957,125169,126959,128086,129280,130528,131780,132972,134111,135211,136281,137524,138871,140104,141422,142875,144191,145228,146009,146282,146046,145656,145419,145516,145808,146102,146428,146990,147807,148480,148875,148578,147237,145339,143379,141505,139669
4,73446,78394,83603,89008,94544,100139,105711,111127,116272,121106,124677,126402,127420,128492,129614,130788,131966,133084,134148,135174,136405,137846,139248,140547,141919,143493,144864,145867,146568,146790,146453,145942,145708,145798,146045,146369,146839,147580,148521,149239,148939,147581,145900,144100,142262,140471
5,71183,75976,81020,86306,91803,97434,103118,108776,114274,119491,123623,125705,126665,127651,128682,129760,130890,132024,133094,134107,135359,136826,138295,139733,141061,142523,144099,145418,146379,147057,147128,146620,146111,145860,145886,146134,146626,147293,148130,149100,149157,147886,146264,144699,143031,141310
6,68895,73563,78445,83561,88932,94519,100237,106008,111749,117323,121848,124507,125839,126786,127754,128765,129825,130936,132044,133085,134364,135873,137347,138829,140280,141677,143109,144628,145929,146885,147359,147207,146704,146174,145852,145870,146312,147016,147759,148610,148956,148135,146657,145155,143729,142193
7,66573,71135,75889,80838,86033,91490,97162,102966,108822,114644,119545,122628,124560,125898,126847,127816,128828,129887,130993,132093,133417,134956,136457,137930,139413,140916,142268,143645,145163,146472,147165,147363,147223,146705,146109,145778,146011,146679,147449,148197,148463,148019,147038,145680,144321,143034
8,64191,68673,73317,78138,83163,88439,93978,99737,105629,111569,116744,120249,122633,124586,125944,126912,127899,128930,130003,131116,132501,134075,135597,137085,138547,140067,141521,142828,144217,145750,146742,147111,147328,147177,146592,145986,145886,146351,147073,147841,148052,147624,147064,146202,144990,143777
9,61704,66144,70708,75420,80313,85415,90771,96396,102242,108221,113543,117375,120216,122640,124633,126027,127032,128059,129122,130222,131608,133216,134761,136255,137722,139206,140681,142108,143437,144849,146014,146635,147029,147238,147022,146429,146059,146185,146693,147403,147685,147305,146808,146373,145658,144596
10,59082,63498,68019,72651,77435,82406,87587,93026,98738,104674,110069,114113,117323,120223,122706,124756,126210,127275,128353,129465,130810,132377,133945,135449,136909,138381,139833,141306,142764,144120,145112,145863,146518,146909,147055,146830,146468,146309,146459,146939,147222,147024,146624,146258,145969,145403
11,56366,60763,65263,69854,74560,79421,84469,89734,95260,101061,106447,110631,114096,117378,120350,122904,125030,126559,127691,128833,130147,131622,133142,134663,136130,137587,139048,140524,142027,143511,144401,144943,145739,146398,146733,146875,146870,146696,146543,146653,146771,146679,146491,146212,145982,145829
12,53626,57987,62472,67044,71712,76496,81436,86568,91917,97531,102815,107057,110698,114239,117601,120652,123289,125496,127100,128303,129595,130983,132414,133893,135384,136849,138321,139825,141324,142848,143825,144239,144841,145652,146266,146605,146952,147112,146930,146724,146536,146374,146307,146215,146042,145918
13,50919,55211,59661,64220,68871,73619,78483,83508,88725,94161,99286,103487,107218,110936,114556,117996,121129,123847,126130,127804,129098,130412,131768,133166,134624,136123,137625,139153,140676,142186,143180,143678,144168,144795,145570,146197,146724,147214,147357,147114,146673,146285,146148,146144,146123,146021
14,48282,52460,56838,61364,66002,70733,75562,80510,85618,90919,95891,99988,103703,107505,111294,114986,118500,121708,124496,126844,128556,129823,131111,132438,133823,135305,136852,138417,139963,141491,142467,142997,143593,144124,144719,145513,146317,146973,147452,147537,147117,146542,146175,146070,146104,146121
15,45733,49761,54023,58473,63075,67792,72604,77514,82543,87731,92589,96581,100211,103987,107847,111693,115445,119021,122284,125123,127458,129096,130342,131605,132930,134355,135882,137493,139085,140636,141623,142163,142831,143486,143978,144598,145571,146502,147181,147624,147584,147084,146522,146159,146062,146106
16,43278,47151,51253,55579,60101,64778,69572,74462,79450,84552,89317,93239,96780,100456,104273,108172,112062,115857,119469,122765,125540,127762,129385,130607,131880,133259,134719,136305,137958,139562,140550,141122,141849,142597,143204,143727,144542,145657,146660,147333,147699,147625,147129,146550,146173,146063
17,40907,44638,48579,52740,57132,61724,66474,71344,76309,81366,86064,89934,93419,96991,100693,104532,108455,112368,116179,119804,122997,125635,127849,129451,130694,132030,133423,134932,136585,138262,139254,139830,140643,141470,142160,142804,143542,144512,145753,146789,147427,147798,147720,147194,146584,146175
18,38642,42229,46023,50017,54239,58696,63359,68183,73125,78158,82831,86675,90121,93625,97208,100917,104765,108696,112609,116414,119908,122953,125590,127788,129426,130739,132064,133489,135089,136778,137783,138347,139212,140144,140907,141639,142508,143410,144553,145853,146892,147570,147930,147816,147247,146592
19,36515,39944,43591,47436,51486,55771,60297,65032,69928,74939,79608,83465,86899,90355,93861,97441,101146,104988,108905,112799,116461,119814,122868,125499,127747,129452,130729,132071,133609,135256,136217,136773,137656,138649,139517,140325,141277,142306,143403,144620,145958,147069,147735,148054,147889,147270
20,34800,37806,41292,44988,48889,53003,57354,61952,66760,71726,76395,80287,83750,87188,90639,94134,97702,101394,105216,109108,112857,116396,119767,122824,125514,127822,129474,130755,132223,133815,134694,135181,136065,137082,138014,138930,139939,141030,142262,143441,144725,146163,147258,147882,148151,147934
21,33359,36094,39146,42683,46437,50401,54580,59003,63674,68552,73196,77126,80640,84103,87531,90966,94445,97996,101663,105453,109210,112863,116428,119815,122939,125680,127925,129570,130982,132512,133318,133699,134510,135524,136486,137470,138551,139669,140958,142264,143539,144952,146374,147427,148001,148215
22,31918,34659,37435,40527,44120,47938,51969,56219,60714,65456,70032,73974,77542,81055,84506,87917,91334,94792,98315,101948,105621,109310,112996,116586,120041,123209,125887,128118,129895,131374,132112,132404,133092,134023,134995,136012,137118,138268,139567,140921,142353,143783,145176,146560,147568,148088
23,30629,33212,35998,38807,41946,45604,49488,53589,57911,62477,66935,70843,74440,78005,81504,84937,88327,91722,95151,98638,102179,105818,109544,113261,116919,120411,123518,126180,128541,130391,131090,131299,131870,132672,133573,134602,135694,136828,138142,139496,141002,142614,144020,145375,146716,147669
24,29474,31911,34535,37359,40209,43400,47123,51077,55250,59640,63935,67755,71334,74928,78480,81962,85376,88745,92110,95504,98925,102459,106136,109898,113681,117371,120812,123906,126695,129134,130220,130377,130840,131516,132297,133259,134316,135397,136676,138034,139566,141273,142854,144224,145540,146824
25,28433,30731,33206,35865,38734,41630,44874,48665,52689,56930,61063,64749,68254,71829,75410,78946,82409,85801,89141,92473,95831,99276,102850,106566,110392,114204,117850,121279,124495,127364,129061,129599,129982,130539,131208,132056,133003,134012,135221,136536,138094,139840,141511,143060,144394,145653
26,27470,29657,31991,34499,37200,40117,43058,46356,50215,54305,58299,61850,65234,68735,72300,75867,79385,82828,86193,89501,92827,96240,99724,103337,107113,110964,114741,118382,121926,125223,127377,128521,129256,129727,130289,131028,131822,132688,133810,135050,136582,138365,140072,141711,143227,144503
27,26571,28651,30871,33233,35779,38525,41490,44478,47828,51750,55605,59044,62305,65684,69175,72726,76277,79777,83195,86531,89864,93272,96723,100251,103922,107721,111545,115318,119064,122688,125295,126895,128214,129032,129518,130156,130807,131490,132458,133607,135078,136844,138587,140264,141872,143331
28,25789,27703,29812,32059,34456,37043,39832,42844,45876,49275,52972,56295,59455,62711,66080,69558,73095,76629,80107,83497,86887,90333,93782,97275,100856,104547,108324,112146,116014,119839,122801,124857,126612,128009,128849,129413,129934,130450,131229,132225,133618,135327,137048,138762,140412,141966
29,25036,26866,28803,30936,33215,35649,38273,41105,44165,47237,50410,53597,56652,59806,63053,66411,69875,73396,76910,80361,83836,87366,90850,94342,97886,101487,105161,108934,112843,116790,119976,122392,124585,126412,127839,128760,129185,129554,130161,130969,132213,133846,135511,137207,138897,140494
30,24224,26052,27904,29861,32023,34333,36801,39465,42339,45439,48289,50964,53894,56944,60089,63323,66668,70119,73622,77110,80674,84315,87884,91413,94952,98516,102102,105771,109625,113609,116940,119587,122121,124380,126240,127745,128509,128771,129231,129875,130935,132416,134005,135648,137326,138967
31,23408,25174,27024,28893,30873,33065,35407,37908,40608,43518,46406,48774,51197,54122,57163,60297,63519,66851,70283,73762,77387,81140,84821,88436,92010,95571,99123,102703,106448,110376,113764,116558,119309,121902,124196,126132,127469,128069,128423,128925,129819,131110,132553,134124,135755,137387
32,22622,24294,26082,27949,29839,31842,34060,36432,38964,41696,44398,46821,48946,51363,54279,57309,60431,63642,66956,70366,74005,77841,81635,85360,89020,92618,96169,99716,103366,107180,110526,113381,116265,119066,121694,124058,125826,127005,127699,128105,128852,129968,131225,132654,134220,135809
33,21872,23444,25132,26936,28825,30735,32758,35002,37400,39959,42488,44742,46932,49050,51457,54363,57384,60495,63690,66984,70575,74439,78315,82157,85928,89610,93201,96749,100360,104075,107320,110134,113067,115997,118830,121523,123726,125347,126619,127372,128012,128966,130056,131308,132739,134270
34,21145,22633,24220,25920,27742,29651,31579,33622,35889,38311,40671,42769,44800,46984,49093,51490,54386,57397,60494,63670,67161,70991,74896,78820,82704,86501,90181,93767,97375,101050,104208,106921,109802,112771,115728,118619,121163,123238,124953,126292,127262,128097,129036,130127,131390,132793
35,20444,21849,23348,24944,26660,28500,30425,32369,34430,36716,38945,40892,42776,44800,46976,49076,51465,54353,57350,60430,63817,67558,71429,75381,79347,83257,87052,90730,94372,98040,101165,103791,106560,109472,112467,115478,118238,120676,122843,124626,126160,127310,128141,129091,130202,131445
36,19761,21093,22508,24015,25623,27355,29209,31150,33109,35183,37283,39115,40857,42735,44752,46920,49014,51396,54271,57253,60554,64197,67977,71892,75885,79878,83789,87583,91313,95014,98139,100733,103407,106202,109135,112176,115075,117753,120279,122516,124472,126172,127334,128184,129163,130262
37,19085,20363,21704,23122,24638,26259,28003,29871,31826,33797,35689,37408,39045,40782,42653,44663,46826,48913,51284,54146,57356,60919,64600,68422,72375,76394,80389,84300,88143,91932,95098,97691,100324,103018,105832,108804,111756,114596,117358,119953,122337,124446,126175,127365,128252,129227
38,18414,19642,20925,22268,23695,25222,26852,28605,30485,32452,34248,35775,37308,38940,40672,42538,44544,46701,48781,51141,54235,57708,61304,65022,68878,72855,76876,80875,84837,88739,91999,94633,97258,99907,102616,105464,108370,111286,114205,117032,119750,122275,124429,126191,127424,128317
39,17727,18928,20162,21447,22796,24231,25765,27403,29167,31057,32856,34305,35655,37185,38813,40539,42401,44403,46553,48623,51216,54571,58073,61704,65454,69332,73314,77344,81392,85411,88790,91519,94179,96815,99475,102214,105018,107912,110900,113880,116806,119652,122237,124432,126245,127488
40,17004,18206,19411,20646,21937,23292,24733,26273,27918,29691,31422,32890,34168,35516,37042,38666,40390,42249,44244,46385,48689,51540,54921,58455,62111,65877,69762,73757,77834,81940,85444,88296,91046,93713,96359,99044,101760,104570,107528,110571,113625,116672,119595,122226,124474,126303
41,16225,17447,18655,19861,21101,22397,23757,25202,26748,28400,30019,31435,32744,34020,35365,36887,38507,40229,42082,44069,46442,48997,51870,55277,58831,62503,66280,70184,74227,78362,81959,84937,87804,90558,93233,95902,98583,101321,104190,107197,110292,113460,116596,119567,122256,124523
42,15486,16636,17865,19074,20285,21530,22829,24193,25643,27194,28700,30020,31285,32590,33864,35205,36725,38344,40059,41905,44121,46740,49310,52201,55624,59190,62878,66681,70631,74728,78363,81443,84434,87303,90063,92758,95438,98156,100945,103854,106894,110101,113372,116556,119584,122290
43,14764,15868,17023,18255,19470,20686,21934,23237,24604,26058,27470,28691,29867,31129,32431,33702,35042,36559,38172,39882,41951,44404,47035,49619,52520,55951,59539,63259,67105,71108,74715,77841,80929,83920,86794,89572,92292,95020,97782,100607,103534,106682,109999,113314,116554,119600
44,14060,15119,16228,17386,18626,19848,21066,22317,23622,24992,26314,27455,28539,29713,30971,32269,33539,34878,36390,37997,39922,42219,44680,47323,49913,52814,56273,59901,63663,67560,71083,74189,77321,80409,83406,86296,89110,91884,94647,97436,100264,103298,106565,109925,113293,116548
45,13445,14391,15455,16567,17732,18979,20203,21425,22680,23989,25231,26295,27305,28387,29558,30813,32109,33376,34710,36217,38032,40175,42476,44946,47592,50174,53108,56616,60282,64089,67518,70554,73667,76798,79890,82902,85835,88705,91509,94295,97077,100010,103168,106474,109884,113264
46,12841,13755,14706,15771,16889,18062,19313,20542,21768,23025,24213,25210,26149,27158,28237,29403,30655,31950,33213,34541,36247,38269,40415,42720,45188,47825,50447,53434,56974,60682,64035,66992,70032,73145,76281,79388,82444,85434,88327,91146,93917,96806,99869,103062,106414,109831
47,12242,13133,14051,15001,16073,17199,18375,19632,20865,22093,23235,24188,25067,26004,27009,28084,29247,30497,31787,33045,34564,36467,38489,40634,42933,45390,48073,50754,53768,57345,60613,63512,66473,69512,72629,75778,78930,82042,85050,87956,90754,93631,96655,99750,102985,106340
48,11654,12518,13411,14330,15285,16365,17495,18674,19937,21174,22292,23209,24049,24926,25859,26860,27932,29094,30339,31623,33062,34767,36666,38684,40822,43108,45615,48363,51064,54108,57264,60095,62997,65955,68998,72127,75321,78527,81653,84672,87552,90457,93471,96524,99658,102895
49,11079,11915,12781,13675,14598,15559,16641,17775,18959,20226,21358,22262,23071,23909,24782,25711,26709,27781,28937,30175,31631,33244,34943,36837,38844,40967,43310,45886,48653,51378,54016,56753,59585,62483,65445,68497,71669,74914,78130,81265,84252,87241,90288,93330,96418,99551
50,10526,11326,12163,13029,13928,14856,15816,16903,18040,19227,20394,21322,22124,22931,23766,24635,25562,26559,27624,28775,30176,31795,33401,35092,36973,38964,41146,43560,46150,48938,51275,53512,56250,59076,61973,64942,68037,71257,74511,77737,80836,83931,87062,90134,93209,96295
51,10009,10762,11563,12399,13269,14172,15100,16062,17151,18290,19382,20356,21187,21985,22787,23618,24484,25410,26402,27463,28765,30318,31929,33525,35201,37063,39117,41374,43799,46407,48821,50778,53014,55742,58567,61469,64477,67621,70851,74115,77301,80506,83743,86896,90000,93071
52,9537,10233,10985,11784,12625,13498,14400,15328,16291,17380,18428,19338,20220,21047,21841,22640,23468,24334,25254,26240,27442,28887,30430,32029,33610,35265,37193,39324,41589,44027,46276,48323,50279,52511,55235,58058,60999,64058,67212,70451,73669,76957,80307,83566,86748,89845
53,9115,9749,10443,11194,11995,12837,13709,14611,15538,16498,17501,18379,19201,20079,20903,21693,22488,23315,24176,25092,26210,27542,28976,30506,32088,33647,35370,37378,39513,41785,43882,45782,47825,49773,52000,54720,57586,60579,63646,66807,69996,73313,76745,80113,83399,86574
54,8748,9317,9947,10637,11387,12189,13029,13898,14798,15722,16600,17442,18239,19059,19932,20750,21538,22333,23155,24011,25048,26288,27610,29029,30541,32102,33730,35532,37540,39682,41627,43390,45285,47315,49259,51483,54245,57165,60167,63242,66347,69629,73089,76537,79931,83210
55,8434,8940,9502,10126,10815,11566,12364,13200,14067,14961,15806,16536,17303,18098,18912,19779,20595,21382,22173,22991,23959,25108,26335,27640,29040,30528,32159,33868,35669,37680,39509,41137,42892,44772,46793,48731,51003,53823,56749,59756,62770,65962,69388,72864,76337,79724
56,8164,8612,9109,9664,10285,10972,11718,12512,13343,14202,15023,15731,16393,17158,17949,18758,19624,20439,21222,22009,22930,23999,25135,26345,27629,29004,30563,32273,33978,35780,37493,39018,40637,42375,44243,46255,48246,50584,53408,56336,59275,62373,65710,69151,72649,76113
57,7927,8330,8768,9255,9807,10426,11105,11844,12632,13456,14247,14942,15589,16249,17010,17796,18604,19469,20281,21061,21941,22953,24007,25124,26312,27572,29018,30656,32360,34061,35580,37004,38516,40116,41842,43697,45764,47827,50169,52993,55849,58869,62110,65461,68921,72410
58,7709,8080,8471,8899,9381,9927,10537,11210,11941,12720,13481,14159,14800,15445,16101,16858,17642,18449,19309,20118,20981,21941,22939,23976,25071,26235,27565,29089,30720,32420,33852,35093,36502,37995,39580,41292,43208,45346,47411,49751,52497,55430,58593,61846,65213,68661
59,7495,7846,8205,8584,9006,9483,10019,10620,11286,12009,12730,13387,14016,14655,15296,15948,16702,17486,18290,19146,20028,20962,21909,22890,23906,24978,26212,27617,29131,30757,32197,33362,34588,35978,37457,39025,40798,42788,44923,46984,49248,52068,55140,58310,61575,64928
60,7275,7616,7955,8302,8675,9091,9558,10085,10678,11334,12003,12633,13248,13875,14508,15144,15794,16548,17327,18125,19046,19991,20913,21844,22804,23798,24938,26244,27637,29143,30521,31710,32860,34066,35437,36897,38531,40380,42361,44485,46469,48808,51764,54839,58014,61261
61,7041,7378,7706,8033,8374,8743,9148,9606,10125,10707,11314,11903,12495,13106,13726,14353,14987,15636,16383,17156,18011,18987,19921,20829,21742,22682,23742,24951,26245,27631,28903,30040,31210,32338,33526,34878,36404,38111,39947,41913,43956,46016,48489,51442,54518,57671
62,6796,7127,7451,7768,8090,8425,8782,9178,9627,10137,10678,11215,11768,12354,12958,13571,14193,14824,15466,16205,17027,17934,18900,19821,20712,21607,22608,23734,24931,26214,27378,28422,29541,30686,31796,32967,34383,35979,37669,39484,41372,43490,45679,48146,51094,54140
63,6541,6861,7180,7494,7806,8123,8448,8797,9185,9625,10096,10573,11078,11627,12205,12799,13405,14024,14646,15279,16064,16934,17832,18786,19691,20565,21517,22580,23693,24880,25954,26903,27928,29020,30145,31237,32470,33952,35526,37192,38930,40891,43132,45312,47772,50686
64,6282,6584,6893,7202,7512,7821,8129,8446,8788,9168,9573,9988,10437,10935,11474,12041,12628,13227,13834,14446,15122,15953,16816,17702,18641,19530,20457,21465,22516,23619,24608,25479,26407,27406,28478,29580,30732,32028,33483,35029,36622,38438,40516,42743,44914,47339
65,6020,6305,6596,6895,7202,7510,7811,8111,8423,8758,9107,9460,9850,10291,10777,11304,11863,12442,13029,13624,14277,14998,15822,16673,17546,18470,19405,20381,21378,22420,23335,24129,24981,25885,26863,27912,29069,30276,31543,32967,34446,36119,38047,40111,42323,44457
66,5751,6022,6296,6579,6877,7184,7484,7778,8074,8381,8687,8988,9318,9698,10127,10601,11118,11667,12233,12807,13441,14139,14854,15667,16504,17360,18324,19305,20272,21261,22125,22855,23631,24457,25341,26296,27392,28595,29772,31006,32372,33936,35716,37627,39673,41844
67,5472,5734,5995,6262,6545,6843,7142,7437,7729,8020,8299,8561,8840,9161,9529,9946,10410,10917,11452,12001,12613,13292,13983,14689,15487,16307,17199,18202,19174,20134,20953,21641,22353,23103,23908,24769,25767,26904,28075,29217,30401,31854,33519,35284,37175,39180
68,5172,5437,5691,5945,6213,6497,6788,7082,7375,7662,7928,8165,8405,8675,8985,9341,9746,10199,10691,11209,11797,12454,13127,13806,14496,15277,16128,17056,18050,19015,19813,20464,21133,21819,22550,23335,24232,25263,26366,27500,28599,29876,31428,33075,34816,36665
69,4847,5124,5380,5627,5882,6151,6430,6717,7009,7298,7561,7786,8002,8233,8491,8789,9134,9530,9968,10442,10998,11630,12279,12938,13602,14275,15082,15965,16884,17872,18682,19318,19950,20595,21263,21973,22789,23716,24712,25775,26873,28069,29441,30973,32594,34291
70,4493,4783,5051,5301,5550,5807,6071,6346,6633,6924,7189,7411,7614,7821,8041,8288,8574,8910,9289,9711,10224,10822,11444,12079,12721,13366,14062,14900,15777,16690,17529,18183,18800,19407,20032,20680,21418,22257,23150,24109,25143,26338,27623,28972,30475,32051
71,4121,4419,4700,4962,5215,5466,5718,5980,6254,6538,6806,7029,7229,7423,7619,7828,8064,8342,8662,9026,9485,10039,10627,11233,11849,12471,13137,13864,14694,15565,16338,17026,17659,18251,18840,19445,20115,20872,21679,22534,23471,24605,25880,27140,28462,29915
72,3744,4039,4328,4602,4865,5119,5365,5616,5877,6149,6409,6634,6837,7029,7212,7395,7595,7824,8089,8395,8796,9294,9836,10406,10992,11586,12227,12923,13643,14468,15205,15834,16499,17106,17681,18250,18873,19560,20285,21056,21898,22932,24137,25385,26614,27887
73,3374,3655,3940,4221,4496,4761,5009,5253,5503,5762,6010,6229,6433,6626,6807,6979,7154,7347,7564,7816,8158,8597,9083,9605,10153,10714,11327,11998,12686,13404,14101,14700,15307,15944,16530,17083,17667,18305,18963,19655,20416,21354,22457,23632,24844,26019
74,3024,3281,3551,3828,4109,4385,4643,4889,5132,5379,5614,5821,6019,6214,6396,6565,6730,6901,7084,7290,7576,7953,8378,8844,9342,9863,10443,11085,11749,12433,13030,13596,14173,14751,15366,15930,16494,17091,17701,18327,19014,19870,20869,21938,23075,24232
75,2702,2927,3173,3435,3712,3992,4260,4514,4758,4999,5223,5418,5605,5795,5978,6150,6312,6472,6635,6809,7047,7363,7726,8130,8569,9041,9582,10191,10825,11485,12054,12526,13070,13620,14178,14768,15341,15915,16484,17064,17688,18464,19374,20339,21370,22452
76,2413,2605,2820,3058,3318,3592,3864,4126,4378,4619,4836,5020,5197,5376,5555,5728,5894,6052,6204,6359,6561,6826,7129,7471,7849,8260,8750,9323,9924,10551,11099,11550,12004,12520,13049,13584,14178,14757,15305,15847,16426,17134,17957,18832,19758,20732
77,2153,2315,2498,2705,2940,3197,3461,3726,3984,4231,4449,4628,4795,4964,5134,5304,5470,5632,5784,5930,6109,6333,6584,6866,7182,7532,7965,8488,9050,9643,10166,10602,11035,11464,11959,12464,13001,13600,14152,14673,15212,15865,16613,17402,18234,19099
78,1920,2057,2210,2384,2588,2820,3067,3323,3583,3835,4057,4239,4403,4564,4724,4884,5047,5212,5367,5512,5677,5872,6082,6313,6571,6859,7231,7700,8213,8766,9260,9677,10094,10501,10911,11383,11890,12431,12999,13524,14038,14641,15328,16040,16785,17559
79,1710,1826,1954,2099,2271,2471,2692,2930,3179,3430,3659,3848,4016,4172,4324,4476,4631,4792,4949,5097,5255,5430,5612,5803,6010,6241,6555,6965,7421,7923,8383,8780,9177,9568,9958,10349,10820,11328,11841,12380,12893,13462,14092,14740,15405,16090
80,1517,1616,1724,1845,1988,2156,2347,2559,2790,3031,3258,3455,3630,3791,3939,4082,4227,4380,4534,4684,4839,5001,5163,5325,5494,5678,5939,6291,6689,7133,7550,7919,8295,8666,9039,9407,9798,10271,10751,11236,11758,12312,12898,13488,14088,14692
81,1340,1428,1520,1620,1739,1879,2038,2219,2424,2644,2862,3061,3244,3411,3561,3699,3837,3981,4126,4273,4424,4577,4728,4871,5013,5161,5375,5672,6012,6398,6766,7101,7450,7798,8149,8499,8867,9261,9706,10158,10621,11171,11736,12281,12823,13363
82,1173,1252,1332,1417,1516,1632,1763,1914,2089,2283,2483,2674,2859,3031,3187,3327,3460,3595,3730,3869,4012,4157,4298,4431,4556,4679,4857,5109,5397,5726,6042,6336,6649,6970,7298,7627,7975,8344,8713,9129,9556,10039,10590,11111,11608,12091
83,1017,1089,1160,1234,1317,1414,1522,1646,1790,1956,2130,2305,2484,2657,2817,2961,3094,3224,3351,3479,3608,3741,3875,4001,4116,4223,4376,4592,4833,5109,5376,5627,5901,6187,6487,6792,7117,7465,7808,8151,8540,8977,9458,9964,10436,10875
84,871,937,1002,1067,1139,1221,1310,1411,1529,1665,1813,1967,2129,2295,2455,2602,2737,2865,2985,3104,3221,3339,3461,3579,3689,3788,3924,4111,4317,4547,4769,4979,5210,5458,5725,6001,6302,6626,6948,7264,7579,7970,8401,8839,9296,9710
85,737,796,855,913,977,1047,1122,1205,1301,1411,1532,1661,1804,1955,2106,2251,2388,2517,2636,2747,2853,2957,3066,3174,3276,3368,3493,3661,3839,4034,4217,4389,4581,4789,5018,5261,5533,5830,6126,6422,6710,7024,7405,7794,8185,8583
86,614,666,719,772,828,890,954,1022,1100,1190,1287,1392,1512,1643,1779,1916,2051,2180,2297,2406,2504,2596,2692,2787,2879,2966,3082,3235,3393,3561,3716,3857,4012,4181,4370,4577,4816,5083,5354,5623,5886,6167,6472,6814,7158,7494
87,505,551,597,644,694,748,803,862,927,999,1077,1163,1259,1367,1484,1605,1731,1856,1972,2080,2174,2257,2341,2425,2507,2585,2691,2831,2972,3119,3253,3370,3497,3632,3784,3954,4156,4390,4631,4874,5112,5363,5631,5901,6200,6493
88,408,447,486,527,571,619,668,718,773,832,896,964,1041,1127,1223,1326,1436,1551,1663,1768,1859,1938,2014,2088,2159,2228,2322,2447,2575,2706,2825,2926,3029,3137,3258,3394,3560,3757,3964,4179,4389,4612,4850,5085,5317,5568
89,324,357,390,425,463,504,547,591,637,687,738,792,853,922,999,1083,1175,1275,1377,1476,1564,1640,1712,1778,1840,1899,1981,2091,2205,2323,2428,2518,2606,2693,2788,2893,3024,3186,3360,3543,3725,3919,4126,4332,4531,4720
90,255,281,308,337,370,405,441,479,519,561,603,646,695,749,808,873,947,1030,1117,1206,1289,1363,1432,1494,1550,1602,1671,1764,1864,1968,2062,2142,2219,2291,2366,2448,2550,2679,2819,2970,3122,3288,3466,3642,3814,3975
91,195,217,239,262,289,318,349,381,415,450,485,521,559,601,647,697,754,820,891,966,1040,1108,1173,1233,1287,1334,1392,1469,1553,1644,1727,1798,1867,1929,1990,2053,2133,2233,2342,2461,2585,2721,2870,3021,3167,3303
92,146,163,181,200,221,245,270,296,325,355,385,414,446,478,513,551,594,643,698,758,819,879,940,996,1047,1091,1142,1206,1276,1352,1423,1486,1546,1600,1652,1702,1763,1841,1926,2018,2114,2222,2342,2466,2588,2702
93,108,121,135,150,166,185,205,226,250,274,298,322,347,373,400,428,460,496,537,583,631,682,735,786,833,876,921,975,1031,1093,1152,1206,1257,1304,1349,1390,1440,1501,1566,1635,1707,1788,1881,1981,2080,2173
94,76,87,98,109,122,137,152,168,187,206,226,246,267,288,308,328,352,378,408,441,478,518,560,604,647,686,726,771,818,867,915,960,1003,1042,1080,1115,1156,1205,1254,1306,1358,1417,1488,1564,1641,1716
95,53,60,69,78,87,98,109,122,137,152,167,183,199,216,232,247,265,283,304,328,354,384,418,453,488,522,557,595,635,675,713,749,784,816,848,877,911,950,988,1026,1064,1107,1158,1214,1271,1328
96,36,41,47,54,61,69,77,86,97,109,120,132,145,158,171,183,195,208,222,239,257,278,304,331,359,387,416,448,480,513,544,571,599,624,649,673,701,732,763,792,819,849,884,923,965,1006
97,24,27,31,36,41,46,53,59,67,75,84,93,102,111,121,130,140,149,159,170,183,198,215,235,256,278,301,326,353,379,403,425,446,466,486,504,525,551,574,596,617,639,662,688,716,745
98,15,18,21,24,27,31,35,40,45,51,57,63,70,77,84,91,98,105,112,120,128,138,150,163,178,193,210,230,250,271,292,308,323,338,352,366,383,402,421,438,453,468,485,502,520,539
99,9,11,12,14,17,20,23,26,29,33,37,41,46,51,56,61,66,70,75,81,87,94,101,109,119,130,142,156,171,187,203,216,228,239,249,259,271,286,300,313,324,335,347,357,368,380
100,6,7,8,9,10,12,13,16,18,21,23,26,30,33,36,39,43,46,50,54,58,62,67,72,78,85,93,102,112,124,136,146,155,164,171,178,186,196,207,216,223,231,239,247,254,260
101,4,4,4,5,6,7,8,9,11,12,14,16,18,20,22,24,27,29,32,34,37,40,44,46,49,53,59,64,71,80,87,94,101,107,112,117,123,130,137,143,148,155,160,164,170,174
102,2,2,2,3,3,4,4,5,7,8,9,10,11,12,13,15,16,18,19,21,22,24,27,29,30,33,36,39,43,48,53,58,63,67,71,75,78,83,87,91,95,99,103,106,109,112
103,2,2,2,1,2,3,4,4,4,4,4,5,6,7,8,8,9,10,11,12,13,14,15,17,19,20,21,24,26,29,31,34,37,40,43,46,48,50,53,54,57,60,62,63,66,68
104,0,0,1,2,2,2,1,1,2,3,3,3,3,4,4,4,5,6,6,6,7,8,9,9,10,11,12,13,15,16,16,18,21,23,25,26,27,29,30,31,33,35,36,38,39,40
105,0,0,0,0,1,1,1,1,2,2,2,2,1,2,3,3,3,3,4,4,3,4,4,5,5,6,6,7,8,9,9,10,11,12,13,13,14,16,17,18,19,20,20,21,22,22
106,0,0,0,0,0,0,0,0,0,0,1,2,2,2,2,1,1,1,2,3,3,3,3,4,4,4,4,5,4,3,4,5,6,7,7,7,8,8,9,10,10,9,10,11,11,11
107,0,0,0,0,0,0,0,0,0,0,0,0,0,0,0,1,1,1,2,2,2,2,2,2,2,2,2,2,2,3,4,3,4,3,3,3,4,5,4,4,4,5,6,6,5,5
108,0,0,0,0,0,0,0,0,0,0,0,0,0,0,0,0,0,0,0,0,1,2,2,1,1,2,2,2,1,1,0,0,0,1,1,1,1,1,2,2,2,2,2,2,2,2
109,0,0,0,0,0,0,0,0,0,0,0,0,0,0,0,0,0,0,0,0,0,0,0,0,0,0,0,0,0,0,0,0,0,0,0,0,0,0,0,0,0,0,0,0,0,0
